id,date,user,pc,activity
{J1S3-L9UU75BQ-7790ATPL},01-02-2010 07:21,MOH0273,PC-6699,Connect
{N7B5-Y7BB27SI-2946PUJK},01-02-2010 07:37,MOH0273,PC-6699,Disconnect
{U1V9-Z7XT67KV-5649MYHI},01-02-2010 07:59,HPH0075,PC-2417,Connect
{H0Z7-E6GB57XZ-1603MOXD},01-02-2010 07:59,IIW0249,PC-0843,Connect
{L7P2-G4PX02RX-7999GYOY},01-02-2010 08:04,IIW0249,PC-0843,Disconnect
{B4V1-F2XA86NJ-0683CLUB},01-02-2010 08:17,HPH0075,PC-2417,Disconnect
{N7C0-Y0QQ16KO-4619HDNN},01-02-2010 08:24,HSB0196,PC-8001,Connect
{J3A7-Z5JP56DF-7855PJKX},01-02-2010 08:25,RRC0553,PC-6672,Connect
{H9X8-R0QB50BG-6009OAKA},01-02-2010 08:25,MOH0273,PC-6699,Connect
{J9M2-G1YI63RE-9923EBLY},01-02-2010 08:29,MOH0273,PC-6699,Disconnect
{F6Y5-L8KB48CH-8878LYRD},01-02-2010 08:37,HSB0196,PC-8001,Disconnect
{W1Q8-J7VP80BK-3141KICJ},01-02-2010 08:42,RRC0553,PC-6672,Disconnect
{V2X9-M6RX86FT-5876HFTT},01-02-2010 09:04,RRC0553,PC-6672,Connect
{Y9B4-R9ZF66SI-4830IHLV},01-02-2010 09:05,IIW0249,PC-0843,Connect
{G0F2-L3HD38PO-9615PWRH},01-02-2010 09:14,MOH0273,PC-6699,Connect
{G8U2-N0YV97HS-0321CNBR},01-02-2010 09:22,BQS0525,PC-0269,Connect
{N2E4-Z4NO18YQ-2041SCVL},01-02-2010 09:25,IIW0249,PC-0843,Disconnect
{R4R3-H0RJ31VR-4960SQQD},01-02-2010 09:25,IIW0249,PC-0843,Connect
{E4C0-M1WA06EJ-8811MVTX},01-02-2010 09:36,MOH0273,PC-6699,Disconnect
{K9U3-C3CL36ES-2245QHYI},01-02-2010 09:38,RAW0915,PC-2113,Connect
{G1N7-L6VI91TC-8049JXWP},01-02-2010 09:39,RRC0553,PC-6672,Disconnect
{C3Q9-H8FM41TF-0197RDFX},01-02-2010 09:41,RRC0553,PC-6672,Connect
{Z2H1-N5DI43BJ-5382DOVG},01-02-2010 09:44,RRC0553,PC-6672,Disconnect
{J3R3-W0NN51HK-0256NDFA},01-02-2010 09:45,JCR0172,PC-6713,Connect
{M5X1-L1SE72OU-5668IYJP},01-02-2010 09:48,HSB0196,PC-8001,Connect
{H6H1-R1RA61SZ-9739MMHO},01-02-2010 09:48,HPH0075,PC-2417,Connect
{K4Q0-E2HW65TS-9638PBMI},01-02-2010 09:49,HSB0196,PC-8001,Disconnect
{R2M5-Y4SH41AL-8396QOYF},01-02-2010 09:51,RAW0915,PC-2113,Disconnect
{X5W5-D6SK53FF-4298XGTU},01-02-2010 09:52,MOH0273,PC-6699,Connect
{F0T6-M0KH37UX-0537QIVN},01-02-2010 09:53,HPH0075,PC-2417,Disconnect
{K8O1-Y2RV42WU-5561YFKN},01-02-2010 09:54,BQS0525,PC-0269,Disconnect
{Y0X7-N7HW32LM-5594YYHM},01-02-2010 09:56,IIW0249,PC-0843,Disconnect
{E4B1-U9XY63FR-1447MDMV},01-02-2010 09:59,MOH0273,PC-6699,Disconnect
{V5M6-H4RX62DI-1348LPZO},01-02-2010 10:21,HPH0075,PC-2417,Connect
{I8A5-A9PM25WX-2619SQRR},01-02-2010 10:25,JCR0172,PC-6713,Disconnect
{J8J0-S2AT84QO-7514TGWB},01-02-2010 10:27,BQS0525,PC-0269,Connect
{U4W4-F8KR59ZT-8729QNUW},01-02-2010 10:28,IIW0249,PC-0843,Connect
{F9L3-Y8ZE73LG-8974FHET},01-02-2010 10:30,MOH0273,PC-6699,Connect
{L0X7-E5FY66XM-6531GXME},01-02-2010 10:33,HPH0075,PC-2417,Disconnect
{F3J2-U7WM40PC-4726GLMS},01-02-2010 10:37,MOH0273,PC-6699,Disconnect
{N3D0-M1EG80XQ-4294LUZA},01-02-2010 10:50,BQS0525,PC-0269,Disconnect
{G8G4-A0UO82PI-0463YKGB},01-02-2010 10:50,HSB0196,PC-8001,Connect
{K2J7-U3WE65FQ-9093YEFI},01-02-2010 11:04,IIW0249,PC-0843,Disconnect
{P0T2-T8KU28KY-4795PPMT},01-02-2010 11:07,IIW0249,PC-0843,Connect
{I7N0-B3VH88LN-7720CZRT},01-02-2010 11:22,HSB0196,PC-8001,Disconnect
{U3M6-Q1HX50EH-6644QMMO},01-02-2010 11:24,BQS0525,PC-0269,Connect
{C2I8-T1NP38LH-0606TAYO},01-02-2010 11:49,IIW0249,PC-0843,Disconnect
{F5A1-S8IJ06AJ-3351FFKB},01-02-2010 11:50,LRR0148,PC-4275,Connect
{T9B4-J3MM51MI-9454MTUN},01-02-2010 12:07,IIW0249,PC-0843,Connect
{P0Q5-Z4EK81MA-4279IILE},01-02-2010 12:17,IIW0249,PC-0843,Disconnect
{E7G5-Q3XU87FX-6900LEZD},01-02-2010 12:22,RAW0915,PC-2113,Connect
{L6A6-T4VS57JP-9740TBXZ},01-02-2010 12:26,BQS0525,PC-0269,Disconnect
{V8Z8-S2BA08GQ-8509UJKX},01-02-2010 12:27,LRR0148,PC-4275,Disconnect
{M2I2-O7HP86UX-2320DBNX},01-02-2010 12:28,RAW0915,PC-2113,Disconnect
{C2T8-H1DM73UX-8162CBYB},01-02-2010 12:54,MOH0273,PC-6699,Connect
{M7E9-N8PG54AU-3954YPUI},01-02-2010 13:16,MOH0273,PC-6699,Disconnect
{P5H0-D3IC95GM-0676NNZG},01-02-2010 13:18,HSB0196,PC-8001,Connect
{H9T9-U1IW86VG-9060XGAO},01-02-2010 13:19,IIW0249,PC-0843,Connect
{D6H2-K3LV78YL-0941TIVN},01-02-2010 13:23,BQS0525,PC-0269,Connect
{C7B7-I2ED86WY-4496ALCG},01-02-2010 13:24,LRR0148,PC-4275,Connect
{M4Z7-W1CJ36ZW-1558XMYK},01-02-2010 13:28,HPH0075,PC-2417,Connect
{D1A3-I2MF87MA-3577PXSA},01-02-2010 13:37,BQS0525,PC-0269,Disconnect
{W7I0-U3EC32TF-0536ZVND},01-02-2010 13:37,HSB0196,PC-8001,Disconnect
{C2E3-N4SD12DJ-0794MTCL},01-02-2010 13:49,IIW0249,PC-0843,Disconnect
{F7R1-G2ML17QW-5678YOTN},01-02-2010 13:50,BRS0734,PC-4785,Connect
{X9F8-G6AZ21VV-0429WPGM},01-02-2010 13:52,HSB0196,PC-8001,Connect
{Q1X7-A3WF55RT-9430YIHZ},01-02-2010 13:53,HSB0196,PC-8001,Disconnect
{F8O1-T7JE00WW-5921IVVL},01-02-2010 14:05,ABC0174,PC-5156,Connect
{G5M1-D3TT85KB-3124RGUE},01-02-2010 14:10,BRS0734,PC-4785,Disconnect
{X8U6-X3ZT04AK-1070FWHM},01-02-2010 14:14,JDC0030,PC-0246,Connect
{V3J5-N6HB07ES-4947WKPC},01-02-2010 14:16,BRS0734,PC-4785,Connect
{F6Y5-I8PO93XR-4134WWQP},01-02-2010 14:19,JDC0030,PC-0246,Disconnect
{R9T1-L8TJ12YA-9220TTZX},01-02-2010 14:20,BRB0355,PC-9896,Connect
{E9X3-V3TZ40US-4884IIOO},01-02-2010 14:24,BRB0355,PC-9896,Disconnect
{J1H4-Q3CQ48XP-9942QJAX},01-02-2010 14:26,ABC0174,PC-5156,Disconnect
{G3E8-J5LN60WB-5890BAZX},01-02-2010 14:36,LRR0148,PC-4275,Disconnect
{N6H7-O1KE08CS-1918HIYF},01-02-2010 14:37,BRS0734,PC-4785,Disconnect
{Q6A1-Z2VN28GY-3448JWZD},01-02-2010 14:47,IIW0249,PC-0843,Connect
{J9P3-U5YU80QA-1747BPLI},01-02-2010 14:53,IIW0249,PC-0843,Disconnect
{H9M7-P6WU99JW-7835GZRW},01-02-2010 14:54,HPH0075,PC-2417,Disconnect
{V4R8-H1IN29NA-7924KCKQ},01-02-2010 15:02,HSB0196,PC-8001,Connect
{U5Z2-O5MT85YE-4559ZYOO},01-02-2010 15:10,BQS0525,PC-0269,Connect
{D7Y7-D2NF96UH-4061SPLW},01-02-2010 15:15,ABC0174,PC-5156,Connect
{C8X8-O5NF58AU-5817JFCN},01-02-2010 15:24,IKP0472,PC-3842,Connect
{Q5H2-A3MA56MH-9529LDAW},01-02-2010 15:25,HPH0075,PC-2417,Connect
{M5Z9-T1YX70KZ-7630YDXB},01-02-2010 15:28,HPH0075,PC-2417,Disconnect
{D5F0-Q9FI09DF-9555EIKW},01-02-2010 15:29,HSB0196,PC-8001,Disconnect
{D2Z1-M7VP44WU-2857FCLL},01-02-2010 15:30,IIW0249,PC-0843,Connect
{P8T1-Y2VK79YN-7473DCGH},01-02-2010 15:39,BRB0355,PC-9896,Connect
{M7O7-G7RR19YJ-4697VSKD},01-02-2010 15:42,BQS0525,PC-0269,Disconnect
{E1T6-I2XY87AI-2122PCOG},01-02-2010 15:49,HPH0075,PC-2417,Connect
{H8L3-O8NX24RX-4314CIKK},01-02-2010 15:50,HSB0196,PC-8001,Connect
{B9S9-V1FE87ZM-8498PPHR},01-02-2010 15:50,HPH0075,PC-2417,Disconnect
{S0Y0-T8PM22CT-7924KUYG},01-02-2010 15:53,LRR0148,PC-4275,Connect
{V4G7-U0CC68YZ-2720BUYN},01-02-2010 15:54,ABC0174,PC-5156,Disconnect
{E7I1-O3IA00OG-2621VMAO},01-02-2010 15:56,HSB0196,PC-8001,Disconnect
{W6I6-L6RO03LG-3130LCLY},01-02-2010 16:02,NOB0181,PC-3446,Connect
{W0A9-D9EH81YW-1578EKCA},01-02-2010 16:06,NOB0181,PC-3446,Disconnect
{Q7Y1-O1JM37RF-1353TVEY},01-02-2010 16:07,HSB0196,PC-8001,Connect
{R7B2-C9SA96PM-5894FOUO},01-02-2010 16:14,IKP0472,PC-3842,Disconnect
{V6M8-V6HN16UT-1309OXBP},01-02-2010 16:18,MOH0273,PC-6699,Connect
{D7M3-X7FJ90AU-4017BXLF},01-02-2010 16:19,HPH0075,PC-2417,Connect
{A9A8-A8XE11DU-5509WXUB},01-02-2010 16:22,NOB0181,PC-3446,Connect
{Q7T1-A2LB12FC-1273DYQX},01-02-2010 16:24,MOH0273,PC-6699,Disconnect
{T3E2-L7IE22UN-6507LHMO},01-02-2010 16:25,LRR0148,PC-4275,Disconnect
{M7M1-K0CG69SB-7268XMHQ},01-02-2010 16:31,IIW0249,PC-0843,Disconnect
{S7Z9-L2ON23WR-8342BRDA},01-02-2010 16:33,BRB0355,PC-9896,Disconnect
{F5L6-M8EX10YM-8659HCIP},01-02-2010 16:34,BQS0525,PC-0269,Connect
{C3C0-I1YX95BS-3323GVFQ},01-02-2010 16:36,NOB0181,PC-3446,Disconnect
{E4E4-W9IF53XO-9995FGSZ},01-02-2010 16:44,BQS0525,PC-0269,Disconnect
{I9D6-S2LU78FO-8491GNAL},01-02-2010 16:48,HSB0196,PC-8001,Disconnect
{V8B4-D5LS40PZ-7668BDJQ},01-02-2010 16:50,HPH0075,PC-2417,Disconnect
{Y8L5-F8WJ06TQ-7924XGUC},01-02-2010 17:31,HSB0196,PC-8001,Connect
{Z6L9-G8PI35UO-8583XRQI},01-02-2010 17:37,HSB0196,PC-8001,Disconnect
{R8E3-A6AM97EP-9769VNJQ},01-02-2010 19:03,AOK0844,PC-4659,Connect
{I9I8-G9PZ24SM-9910BKMR},01-02-2010 19:09,AOK0844,PC-4659,Disconnect
{L4P7-W4CW24LW-6403GOJN},01-03-2010 01:10,BSS0369,PC-8884,Connect
{D2K0-C9QG57VO-8371VVWV},01-03-2010 01:10,BSS0369,PC-8884,Disconnect
{V6A2-N3GN21DZ-6202FOTS},01-03-2010 07:15,LBH0942,PC-3640,Connect
{B3Q9-G0GO06PF-4045NJMH},01-03-2010 07:23,DLM0051,PC-0166,Connect
{S3C5-B7YZ21GZ-9445DCGQ},01-03-2010 07:28,LBH0942,PC-3640,Disconnect
{R6F1-H4EB16BW-6536PZJJ},01-03-2010 07:30,DLM0051,PC-0166,Disconnect
{N4E3-D5JG67SC-1571GASB},01-03-2010 07:42,QOS0878,PC-2211,Connect
{F9E4-L8HL46XU-6244KFFA},01-03-2010 07:44,LBH0942,PC-3640,Connect
{L7L9-P4KJ43CP-4607DODH},01-03-2010 07:45,QOS0878,PC-2211,Disconnect
{M1Z9-V7JK60II-3357ENXQ},01-03-2010 07:59,DLM0051,PC-0166,Connect
{Q3H6-R5UO89CI-9088RHAH},01-03-2010 08:04,LBH0942,PC-3640,Disconnect
{S3J9-E6GO84BJ-8899RGIG},01-03-2010 08:10,DLM0051,PC-0166,Disconnect
{F9H8-A6QG91GY-2330LRMH},01-03-2010 08:24,LBH0942,PC-3640,Connect
{V2M1-T8WS34NB-5137ZEUM},01-03-2010 08:27,LBH0942,PC-3640,Disconnect
{T1Q2-F7RG75FC-3106PDRL},01-03-2010 08:43,HSB0196,PC-8001,Connect
{J3A4-Y1MM89JE-7886KVVU},01-03-2010 09:04,BDI0533,PC-5883,Connect
{G7J3-R1CP39AU-6545ZRAM},01-03-2010 09:09,BRB0355,PC-9896,Connect
{N9V1-P6IS13IO-8583UYGB},01-03-2010 09:15,BDI0533,PC-5883,Disconnect
{E6Q6-G5UR91NZ-6122CIUB},01-03-2010 09:21,HAD0246,PC-0926,Connect
{Q2K6-U3EA18QV-6546PNIP},01-03-2010 09:32,HAD0246,PC-0926,Disconnect
{H4V5-J8MK18LR-8012ETFI},01-03-2010 09:33,DLM0051,PC-0166,Connect
{G9Y1-A9GL92NT-1943ZRHY},01-03-2010 09:38,DLM0051,PC-0166,Disconnect
{I7R1-H0JH59OE-3286CTWB},01-03-2010 09:44,BSS0369,PC-3672,Connect
{B8U6-P8JE74VA-7415IBON},01-03-2010 09:58,LBH0942,PC-3640,Connect
{Y1I2-V0OY37FD-6248FPGI},01-03-2010 09:58,LBH0942,PC-3640,Disconnect
{X3V4-Q1TM46DT-8702KSGE},01-03-2010 10:00,BSS0369,PC-3672,Disconnect
{Y9A6-V6NE54SF-0864YOEZ},01-03-2010 10:13,BRB0355,PC-9896,Disconnect
{S1C1-I0HD95NR-3200WYZQ},01-03-2010 10:18,BSS0369,PC-3672,Connect
{B1I3-J6XG41QP-2966DAAK},01-03-2010 10:19,HSB0196,PC-8001,Disconnect
{U9E1-N0AO21YH-8306PMGM},01-03-2010 10:20,HSB0196,PC-8001,Connect
{H3A1-D3UB24BS-6633WTRW},01-03-2010 10:21,BQS0525,PC-0269,Connect
{L5J2-M4FB19GY-6416EGHI},01-03-2010 10:27,WIQ0567,PC-6113,Connect
{B4Q4-S9GR30CB-1657HMAM},01-03-2010 10:28,BSS0369,PC-3672,Disconnect
{P0H9-F9TL39LZ-1681FMTL},01-03-2010 10:30,HSB0196,PC-8001,Disconnect
{N0K7-K3WY45GB-4278ZWTE},01-03-2010 10:38,HSB0196,PC-8001,Connect
{P8W8-T4YS21TL-0340XFON},01-03-2010 10:45,DLM0051,PC-0166,Connect
{Y3H6-T2UW86QF-5388ADDY},01-03-2010 10:47,DLM0051,PC-0166,Disconnect
{S4A9-D1MF25NF-6997TPLD},01-03-2010 10:51,BVC0790,PC-0008,Connect
{I9P3-Y4GT67XP-3369NIGI},01-03-2010 10:53,WIQ0567,PC-6113,Disconnect
{Y8F3-D1WB09SV-0708NZLG},01-03-2010 10:53,OBH0499,PC-7989,Connect
{T0H7-T9FN25PR-8733SKRW},01-03-2010 10:57,OBH0499,PC-7989,Disconnect
{G8B4-Y0KI82BJ-7812KWHS},01-03-2010 10:59,HSB0196,PC-8001,Disconnect
{T4N3-M9BI74QO-2983RGZE},01-03-2010 11:03,OBH0499,PC-7989,Connect
{T2H5-S1TF31HB-3937FELY},01-03-2010 11:06,NAF0326,PC-0384,Connect
{J5S3-F4CV49LP-7070OKIZ},01-03-2010 11:12,OBH0499,PC-7989,Disconnect
{E5Y9-P5WB50FB-4762NHMC},01-03-2010 11:13,OBH0499,PC-7989,Connect
{Z2H8-F9FO84JC-0125NDVO},01-03-2010 11:13,BQS0525,PC-0269,Disconnect
{P9A2-C4KL63UZ-7416MFOL},01-03-2010 11:15,ESJ0670,PC-2321,Connect
{P2M7-U9CI63BQ-8814RLLX},01-03-2010 11:15,NAF0326,PC-0384,Disconnect
{B7B4-T5GS13ZE-0725SLNN},01-03-2010 11:16,OBH0499,PC-7989,Disconnect
{B2G0-D2MR34JH-9462UCCM},01-03-2010 11:17,BQS0525,PC-0269,Connect
{M7Q0-V8TP79BE-3088YAYO},01-03-2010 11:19,BSS0369,PC-3672,Connect
{A0L1-Y6VI75UW-3278DZJL},01-03-2010 11:23,BSS0369,PC-3672,Disconnect
{T8Q1-M5RQ75VQ-8362HZPU},01-03-2010 11:26,BQS0525,PC-0269,Disconnect
{P7E8-D3LC84AT-4861CGJH},01-03-2010 11:26,HSB0196,PC-8001,Connect
{T7Q0-W6JI45JN-8031FPJM},01-03-2010 11:27,BQS0525,PC-0269,Connect
{F4X5-B2GX13NW-5370RSMB},01-03-2010 11:27,BSS0369,PC-3672,Connect
{L8S3-A4IP01HP-5164NSFY},01-03-2010 11:28,LBH0942,PC-3640,Connect
{V7X4-E8KM17PW-2500GGVF},01-03-2010 11:30,BQS0525,PC-0269,Disconnect
{C6C5-I4BQ39LM-8269YZHV},01-03-2010 11:33,HSB0196,PC-8001,Disconnect
{U1P3-W6SX99JV-9568OJWA},01-03-2010 11:36,LBH0942,PC-3640,Disconnect
{C5L7-M1GR90ET-6082AJGP},01-03-2010 11:39,MLM0950,PC-9787,Connect
{U8B9-R5ZT88QM-3540LZLG},01-03-2010 11:40,MLM0950,PC-9787,Disconnect
{J8N8-A9YY71TX-4819YMJT},01-03-2010 11:46,BVC0790,PC-0008,Disconnect
{U0L9-A4XU43IF-5023TAHP},01-03-2010 11:46,BSS0369,PC-3672,Disconnect
{H4C5-S4PN73VO-7691BLNL},01-03-2010 11:59,HSB0196,PC-8001,Connect
{J7E1-D1AD15SY-0125OYKU},01-03-2010 12:15,HSB0196,PC-8001,Disconnect
{A6Y8-E6KR01HZ-7948ABCV},01-03-2010 12:22,ESJ0670,PC-2321,Disconnect
{D7L8-C2SU73ZN-5601BFOU},01-03-2010 12:33,BSS0369,PC-3672,Connect
{C2D8-C0FE14QW-8634HDGX},01-03-2010 12:40,DLM0051,PC-0166,Connect
{P3X4-O9JV02DS-7230LRTL},01-03-2010 12:44,LBF0214,PC-3819,Connect
{Y3O4-C0ME74OD-6557GEKT},01-03-2010 12:47,DLM0051,PC-0166,Disconnect
{V1X7-K0SJ37KD-7064MJGL},01-03-2010 12:57,BQS0525,PC-0269,Connect
{J8L5-G4RG52LD-1402AXWN},01-03-2010 12:58,LBF0214,PC-3819,Disconnect
{D5B9-E3WH54LK-7259PYTC},01-03-2010 13:04,ATE0869,PC-1313,Connect
{H1A0-J6BH73FR-3660LBFW},01-03-2010 13:04,BQS0525,PC-0269,Disconnect
{V8Q7-T9IY99RN-0502IINX},01-03-2010 13:12,BSS0369,PC-3672,Disconnect
{A6U7-F5RQ56RU-2517AVOS},01-03-2010 13:16,HSB0196,PC-8001,Connect
{O9U8-K8BY25YX-8282HZHF},01-03-2010 13:21,DLM0051,PC-0166,Connect
{O1V5-Q1MS40SR-9427BHWB},01-03-2010 13:23,DLM0051,PC-0166,Disconnect
{O8R8-M4BW58IS-5957XMHG},01-03-2010 13:23,ATE0869,PC-1313,Disconnect
{V7V7-R1NA33UA-3202HBZH},01-03-2010 13:26,BQS0525,PC-0269,Connect
{Y8J4-Y5UX75IF-0757JAZY},01-03-2010 13:28,DLM0051,PC-0166,Connect
{B9V9-U1XV89EL-2160OIFZ},01-03-2010 13:31,IRM0931,PC-7188,Connect
{M5G5-P4FN48YK-8122GFVN},01-03-2010 13:36,BSS0369,PC-3672,Connect
{J3T0-J8FV29PN-1547KEDP},01-03-2010 13:46,LBH0942,PC-3640,Connect
{T9P8-C0VG87NL-9962CDLB},01-03-2010 13:47,HSB0196,PC-8001,Disconnect
{V3D2-Q3VE86HW-4096MUPY},01-03-2010 13:53,NAF0326,PC-0384,Connect
{S2Q3-N2PR00XD-7962JXYZ},01-03-2010 13:56,LBH0942,PC-3640,Disconnect
{T4D9-P9FC14LK-3271ZMQV},01-03-2010 13:58,BQS0525,PC-0269,Disconnect
{U4I3-P8CE69HF-1416YEPJ},01-03-2010 14:02,BSS0369,PC-3672,Disconnect
{Y6V9-N5LW45LT-3359WEWW},01-03-2010 14:08,IRM0931,PC-7188,Disconnect
{Z5C7-H6DK70XF-0780VGNO},01-03-2010 14:08,DLM0051,PC-0166,Disconnect
{Y3O7-H0JL47VW-4729NXYL},01-03-2010 14:17,DLM0051,PC-0166,Connect
{D2R7-J1SC84FI-8829VTWV},01-03-2010 14:18,LBH0942,PC-3640,Connect
{N1L6-A0VT92PF-0928UYJB},01-03-2010 14:19,BQS0525,PC-0269,Connect
{R5Q3-W1EA79NE-3517PNVE},01-03-2010 14:23,BSS0369,PC-3672,Connect
{N4A5-C4LV39ZK-5390SXBC},01-03-2010 14:24,BQS0525,PC-0269,Disconnect
{A4N1-G6NS94WF-2615YBFY},01-03-2010 14:27,LBH0942,PC-3640,Disconnect
{E9W4-G5TS10GK-3029NTIK},01-03-2010 14:31,TDS0984,PC-7088,Connect
{O2T0-H7RC46MI-8111KKJP},01-03-2010 14:34,OBH0499,PC-7989,Connect
{Y3R3-H9PJ83RG-7672ZELK},01-03-2010 14:37,OBH0499,PC-7989,Disconnect
{X5S1-W1DK52UW-9112MZQG},01-03-2010 14:39,TDS0984,PC-7088,Disconnect
{W9H4-R4VY58VG-4294VLLY},01-03-2010 14:45,NAF0326,PC-0384,Disconnect
{W8R3-Q3PC82XV-0794LGPG},01-03-2010 14:46,OBH0499,PC-7989,Connect
{V0V2-U0WV26ZJ-1518SJQP},01-03-2010 14:49,DLM0051,PC-0166,Disconnect
{M3Z7-H2JE64SY-9922TAQI},01-03-2010 14:49,OBH0499,PC-7989,Disconnect
{Q0C1-J0HE91BZ-5670OIAT},01-03-2010 14:50,OBH0499,PC-7989,Connect
{E7U7-W3QD01OZ-7696MHXH},01-03-2010 14:51,OBH0499,PC-7989,Disconnect
{B9E8-M8CX69BR-4826SVQH},01-03-2010 14:53,MLM0950,PC-9787,Connect
{M1I0-P2NC08CU-9574ACEE},01-03-2010 14:53,OBH0499,PC-7989,Connect
{Z7H8-B6TD58FD-5683OBOY},01-03-2010 14:53,BSS0369,PC-3672,Disconnect
{N3V8-X5HI38XU-4969GZAZ},01-03-2010 14:57,HSB0196,PC-8001,Connect
{I3R3-T1BF83UB-3473ABYH},01-03-2010 14:58,BSS0369,PC-3672,Connect
{Y0K1-K6KC39GI-3209JPXO},01-03-2010 14:59,OBH0499,PC-7989,Disconnect
{G9P0-G6HQ92LS-6995ZBMV},01-03-2010 15:00,NAF0326,PC-0384,Connect
{W9V3-G9PH29NA-2289QERL},01-03-2010 15:00,OBH0499,PC-7989,Connect
{L3B0-I7RV31LK-6465XQTH},01-03-2010 15:00,HSB0196,PC-8001,Disconnect
{R9D6-R9MX26GD-8744YIFY},01-03-2010 15:03,OBH0499,PC-7989,Disconnect
{S8U6-L6QY30QQ-8523RZAH},01-03-2010 15:05,MLM0950,PC-9787,Disconnect
{N9D5-Q7OR51SB-1520APWY},01-03-2010 15:19,BSS0369,PC-3672,Disconnect
{J2N7-I6ZO90TK-3981ARMT},01-03-2010 15:19,BRB0355,PC-9896,Connect
{Y7W6-G3OQ26OV-6962UWAU},01-03-2010 15:23,DLM0051,PC-0166,Connect
{X8E8-Z8EY02SK-4130UCUQ},01-03-2010 15:27,NAF0326,PC-0384,Disconnect
{U6K8-M0MP06JC-3750WHRL},01-03-2010 15:30,BQS0525,PC-0269,Connect
{K1W9-N6GC69PT-7804TZPH},01-03-2010 15:38,BQS0525,PC-0269,Disconnect
{N2G9-U2YG26AK-1219OHJX},01-03-2010 15:38,BRB0355,PC-9896,Disconnect
{Y1M2-V2HH93YM-3229STFS},01-03-2010 15:44,BQS0525,PC-0269,Connect
{C8L3-Z0YV08FL-3701QRKA},01-03-2010 15:46,BRB0355,PC-9896,Connect
{W6S7-N6EW60LS-8899FJTS},01-03-2010 15:46,LBF0214,PC-3819,Connect
{T9X9-A9ZK66PA-4400IKOL},01-03-2010 15:46,DLM0051,PC-0166,Disconnect
{S9R7-X3ZC14ZM-6170KXJR},01-03-2010 15:47,LBF0214,PC-3819,Disconnect
{H8X5-X0YA56BF-2815KQKJ},01-03-2010 16:01,BRB0355,PC-9896,Disconnect
{B0V4-Z4BH71FV-0386OXKY},01-03-2010 16:02,BQS0525,PC-0269,Disconnect
{A2E1-Z4FE26KD-1177GJCI},01-03-2010 16:02,BQS0525,PC-0269,Connect
{D1D1-L4JR31JS-6553YTGX},01-03-2010 16:15,LBH0942,PC-3640,Connect
{G9D8-W5GL23GC-4198VENY},01-03-2010 16:20,LBH0942,PC-3640,Disconnect
{S5Q6-Y2WB44OU-8851IMNX},01-03-2010 16:31,BQS0525,PC-0269,Disconnect
{D9H2-E0RX86BG-4082OMIP},01-03-2010 16:42,ATE0869,PC-1313,Connect
{Y7S9-E0AS92ZX-4191GSUM},01-03-2010 16:44,HSB0196,PC-8001,Connect
{C1C4-Y4YY28WJ-3087NKEB},01-03-2010 16:46,HSB0196,PC-8001,Disconnect
{O5J9-B6TO85II-3134NCXA},01-03-2010 17:08,ATE0869,PC-1313,Disconnect
{Y8T6-D9PW41EF-8526GFOX},01-03-2010 17:34,HSB0196,PC-8001,Connect
{Y8B5-M5IK79MN-7248JEKQ},01-03-2010 17:41,HSB0196,PC-8001,Disconnect
{A8Z4-Z5HZ44IV-3693BNMM},01-03-2010 17:43,NMS0280,PC-8262,Connect
{T0E6-L1VX95YX-8119MBQG},01-03-2010 17:45,NMS0280,PC-8262,Disconnect
{K9P9-G8IJ81JI-1390IAEZ},01-03-2010 18:00,BVC0790,PC-0008,Connect
{K0D7-E0KS91OB-5744SORX},01-03-2010 18:00,BVC0790,PC-0008,Disconnect
{A2D8-L9BY88WI-2086XGWS},01-04-2010 00:20,MOS0047,PC-5909,Connect
{S7C3-Y8WA42QM-5200MXDS},01-04-2010 00:20,MOS0047,PC-5909,Disconnect
{Y9E1-Q1AM50CP-0449MFAA},01-04-2010 02:37,EIS0041,PC-5508,Connect
{Y2U8-J6DE90VX-7260ZZUX},01-04-2010 02:39,EIS0041,PC-5508,Disconnect
{V9J5-Q8OW26UP-6746RHSP},01-04-2010 02:50,MOS0047,PC-3459,Connect
{A9S9-E7MK24HL-6063GGCW},01-04-2010 02:51,MOS0047,PC-3459,Disconnect
{O1L4-Y4RA14NW-2415NMQI},01-04-2010 03:20,MPM0220,PC-3301,Connect
{N7V0-H1TB02RO-3107IQJM},01-04-2010 03:21,MPM0220,PC-3301,Disconnect
{R6R3-L2MZ03SZ-0029XJLX},01-04-2010 03:39,GTD0219,PC-2370,Connect
{N1K9-X3VC49DU-7574QIHB},01-04-2010 03:40,GTD0219,PC-2370,Disconnect
{G7H0-C5XE83NL-1219FXSQ},01-04-2010 04:46,EIS0041,PC-9822,Connect
{N8V2-C0GX43EI-0394ZUDQ},01-04-2010 04:46,EIS0041,PC-9822,Disconnect
{B8E2-Q9SE63VI-7364ZCYV},01-04-2010 04:55,EIS0041,PC-9706,Connect
{S8H7-Z8EZ96HG-4051OEYD},01-04-2010 04:55,EIS0041,PC-9706,Disconnect
{Y0Z4-H1NA83RC-2756XELM},01-04-2010 05:08,BAL0044,PC-5833,Connect
{B2X4-E2GG98ND-5328TNQB},01-04-2010 05:09,BAL0044,PC-5833,Disconnect
{U5H8-N3PD09FQ-4476WJQP},01-04-2010 05:41,MPM0220,PC-3764,Connect
{J1B4-T1GC74PS-4495EDER},01-04-2010 05:41,MPM0220,PC-3764,Disconnect
{D1P5-X3LO10EB-5343KZMN},01-04-2010 06:01,CCA0046,PC-4729,Connect
{I0U6-M5JO12ZM-0037MARG},01-04-2010 06:02,CCA0046,PC-4729,Disconnect
{W1P7-C1PU94YP-9524TUEA},01-04-2010 06:26,AJF0370,PC-7275,Connect
{T6U6-R8UX88QY-1515JJSJ},01-04-2010 06:26,AJF0370,PC-7275,Disconnect
{O3L0-P0IK84NO-6896VYJN},01-04-2010 06:28,EIS0041,PC-6776,Connect
{Q7M1-U5HN53HZ-0640KGQR},01-04-2010 06:36,GTD0219,PC-0132,Connect
{M9A4-W6IA53NW-6350HPTK},01-04-2010 06:36,EIS0041,PC-6776,Disconnect
{D3N8-H2UF97EB-5878YWWU},01-04-2010 06:38,GTD0219,PC-0132,Disconnect
{P3H4-E0XK74XS-3331PDLD},01-04-2010 07:08,AVM0947,PC-0285,Connect
{W3L4-J1LI62XZ-0679YVAO},01-04-2010 07:18,AVM0947,PC-0285,Disconnect
{F0Y3-I1OJ23NI-6201WHLI},01-04-2010 07:19,LRR0148,PC-4275,Connect
{E3C4-N1PN28BY-2415TDVE},01-04-2010 07:20,AIB0948,PC-8245,Connect
{H2A5-N2JS30XB-4369JMLK},01-04-2010 07:22,LBH0942,PC-3640,Connect
{C0E5-G9PQ74PS-0482JVMU},01-04-2010 07:29,LRR0148,PC-4275,Disconnect
{F5V2-P5VC12JH-6465ZXRL},01-04-2010 07:31,LBH0942,PC-3640,Disconnect
{N3B1-J7GX53SS-4356SUTQ},01-04-2010 07:40,DLM0051,PC-0166,Connect
{R7N7-H5IG91JX-5547LTZD},01-04-2010 07:42,DRR0162,PC-5168,Connect
{E1Q5-N2QQ84JO-4036PNXP},01-04-2010 07:43,KKW0879,PC-2531,Connect
{Q4U9-Y0GH33VN-0554ZSYF},01-04-2010 07:48,DLM0051,PC-0166,Disconnect
{M2S9-E8CF20LL-5349KQBD},01-04-2010 07:49,DLM0051,PC-0166,Connect
{H9W2-J9JX86GX-1243KNIJ},01-04-2010 07:52,AJF0370,PC-6956,Connect
{O9V1-P8JE41CV-2181OOMB},01-04-2010 07:54,AIB0948,PC-8245,Disconnect
{F9C2-P2JT36TK-1039ZVBL},01-04-2010 07:54,AJF0370,PC-6956,Disconnect
{Q3A9-X0AP31LN-9252UUZL},01-04-2010 07:55,DIW0118,PC-0174,Connect
{N0W8-L0EB87QE-4545XMNL},01-04-2010 07:57,RAR0725,PC-4159,Connect
{Y4X6-Q7PN20BN-3285WPQD},01-04-2010 07:58,LCB0664,PC-3196,Connect
{B3V8-G2WP46WT-6446KBKC},01-04-2010 08:00,LCB0664,PC-3196,Disconnect
{A6J1-N4JY93GO-5368IZJW},01-04-2010 08:00,DRR0162,PC-5168,Disconnect
{L0A3-F2VE66SL-9311ABFW},01-04-2010 08:00,DIW0118,PC-0174,Disconnect
{B5X2-E0WZ33JD-1578FMGF},01-04-2010 08:01,KKW0879,PC-2531,Disconnect
{P9K6-E4FU19JY-1866JSLF},01-04-2010 08:03,LCB0664,PC-3196,Connect
{F6E1-E2KG99NM-2100LPHS},01-04-2010 08:04,AJN0607,PC-8303,Connect
{U4K4-D4XY33LS-6500YTVX},01-04-2010 08:04,VTT0385,PC-5027,Connect
{Z6T2-D1RL56ZY-5649FQHC},01-04-2010 08:05,DBB0384,PC-4243,Connect
{H6M3-B3MP62QG-9074IVDA},01-04-2010 08:06,JBD0616,PC-1479,Connect
{R0M9-J8KA57SR-3352ZEQJ},01-04-2010 08:07,HVF0067,PC-9939,Connect
{P7A1-X1CJ75FZ-8263VYTZ},01-04-2010 08:07,JBD0616,PC-1479,Disconnect
{B7Q6-H6DI66LS-1747KCXH},01-04-2010 08:07,RUM0880,PC-8592,Connect
{K5R3-S4RH99GP-1915GRWP},01-04-2010 08:08,RNP0211,PC-1736,Connect
{P1E2-B9QC00VK-3583BDFX},01-04-2010 08:08,LCB0664,PC-3196,Disconnect
{U9Y3-M3WB14OI-3670WRWT},01-04-2010 08:08,JBD0616,PC-1479,Connect
{D9G8-R8AR12EU-5460MWAE},01-04-2010 08:11,LBH0942,PC-3640,Connect
{X6P0-I9OC24MM-5879RTJN},01-04-2010 08:11,LCB0664,PC-3196,Connect
{S8Z5-S2BS65XQ-3426SDYI},01-04-2010 08:15,MOS0047,PC-5820,Connect
{X2J1-A9AY66IM-8098DAAP},01-04-2010 08:15,LCB0664,PC-3196,Disconnect
{S9S1-T6TC03GY-8279VQDZ},01-04-2010 08:16,DMK0257,PC-1279,Connect
{D7A7-U9HF90LX-4452PNPN},01-04-2010 08:18,HVF0067,PC-9939,Disconnect
{L2R1-I7ZQ02ST-0235SXUL},01-04-2010 08:18,DMK0257,PC-1279,Disconnect
{A6C0-P0LL55RD-5462JTHG},01-04-2010 08:18,LBH0942,PC-3640,Disconnect
{A3Z0-L8SZ42DO-1450RNMP},01-04-2010 08:19,BSS0369,PC-3672,Connect
{Q7D5-G3BA59DD-5942BZQN},01-04-2010 08:19,BSS0369,PC-3672,Disconnect
{W9P1-S5MT08NU-1674ISKX},01-04-2010 08:23,AJN0607,PC-8303,Disconnect
{A8L3-T0KA30SH-7798IIOH},01-04-2010 08:23,RHO0732,PC-6232,Connect
{Y4O8-J5DB54KR-4500NJZI},01-04-2010 08:23,HXL0968,PC-0623,Connect
{F3D7-O1ZX68MH-3567PTVV},01-04-2010 08:24,RNP0211,PC-1736,Disconnect
{V7W5-Q5OU52CY-4678FGOP},01-04-2010 08:24,DBB0384,PC-4243,Disconnect
{K3I7-H8XE02LU-4941OBXM},01-04-2010 08:24,NWT0098,PC-4667,Connect
{R4C5-B4DG54BQ-0609DWTK},01-04-2010 08:25,NWT0098,PC-4667,Disconnect
{M0V3-U0DJ84HP-8643VJGY},01-04-2010 08:26,THR0873,PC-4804,Connect
{K6H6-I8YY64NP-6485HHFC},01-04-2010 08:28,RSC0089,PC-9929,Connect
{D6K3-S6BS51WW-8195DFWH},01-04-2010 08:28,JDF0593,PC-6301,Connect
{B6C7-Q5UZ21UW-3973ILUL},01-04-2010 08:29,DLM0051,PC-0166,Disconnect
{W3N7-E9OO96HN-5637CXUF},01-04-2010 08:29,BMG0917,PC-6688,Connect
{I6P8-X2TJ46LQ-6343KUET},01-04-2010 08:29,JDB0169,PC-7502,Connect
{H1W2-F2ZI21WS-5796ERWH},01-04-2010 08:30,JDF0593,PC-6301,Disconnect
{C2J0-X9LW28XS-6587MYON},01-04-2010 08:30,DLM0051,PC-0166,Connect
{F1K4-L6IE35RK-6986UBSN},01-04-2010 08:30,BMG0917,PC-6688,Disconnect
{G5Q8-K6WE48VQ-6394MNRO},01-04-2010 08:31,JDB0169,PC-7502,Disconnect
{T5M4-E3VW87UI-8844JKDX},01-04-2010 08:33,LDG0459,PC-5621,Connect
{F5L8-A9CZ70HI-2484XOSZ},01-04-2010 08:33,HXL0968,PC-0623,Disconnect
{B9A9-B9WF70YG-5732UDXR},01-04-2010 08:33,CCL0068,PC-7699,Connect
{U6J0-W4OG79UQ-6893ZEHL},01-04-2010 08:35,VIA0063,PC-2684,Connect
{Y0I2-Y8HP39IX-7382LYDQ},01-04-2010 08:35,VIA0063,PC-2684,Disconnect
{R8B1-N9MJ01ZR-6270PWBI},01-04-2010 08:35,HBO0413,PC-7384,Connect
{T8M6-O9JD43QV-2803GBAP},01-04-2010 08:36,DLM0051,PC-0166,Disconnect
{D4Q9-W6BK27QO-9228AWEA},01-04-2010 08:36,VIA0063,PC-2684,Connect
{N7Z4-V0QA02IX-4153NBOX},01-04-2010 08:36,HBO0413,PC-7384,Disconnect
{A3U8-Y7LA10IJ-5468SDAA},01-04-2010 08:36,VIA0063,PC-2684,Disconnect
{M1G1-T5IF96SU-8641FHYZ},01-04-2010 08:37,DLM0051,PC-0166,Connect
{H3Z0-A1CU68GZ-3691HGNB},01-04-2010 08:37,VIA0063,PC-2684,Connect
{U4R8-B9UG36GK-5976ZDDY},01-04-2010 08:37,RHO0732,PC-6232,Disconnect
{W1B1-H6ZA60HL-0103BYHQ},01-04-2010 08:38,RAR0725,PC-4159,Disconnect
{E0S3-B4GI74BQ-8458RNRX},01-04-2010 08:39,IBB0359,PC-4195,Connect
{G4N9-Q0LX60WG-8234BSMQ},01-04-2010 08:40,MDM0625,PC-4984,Connect
{O1J1-A3HO32KD-4031TAFU},01-04-2010 08:40,VIA0063,PC-2684,Disconnect
{Q9R4-D2MV74JA-7812MBNS},01-04-2010 08:41,VIA0063,PC-2684,Connect
{G0I1-X4TN32VW-7586HFVT},01-04-2010 08:41,LJT0817,PC-3120,Connect
{A9F2-A3MA89RH-8933BXWA},01-04-2010 08:42,OBH0499,PC-7989,Connect
{Q0J9-O5IH43UR-3639HKCR},01-04-2010 08:43,DBB0384,PC-4243,Connect
{U9U9-B3IT87FN-0445TKCZ},01-04-2010 08:43,THR0873,PC-4804,Disconnect
{X8M6-C8AW29EI-0369RFRZ},01-04-2010 08:44,RUM0880,PC-8592,Disconnect
{Y2M3-T4VQ45MP-7735IAAW},01-04-2010 08:45,VIA0063,PC-2684,Disconnect
{F6O7-T6QE21RE-2401LZSU},01-04-2010 08:45,IBB0359,PC-4195,Disconnect
{Z1D3-D0YY29BZ-3506BNMH},01-04-2010 08:46,OBH0499,PC-7989,Disconnect
{M0T5-B8VE08HC-3638HNFV},01-04-2010 08:46,OBH0499,PC-7989,Connect
{T7Q8-X6FM11VH-4094ZIQQ},01-04-2010 08:46,DLM0051,PC-0166,Disconnect
{C9B4-F7YR71GQ-0297DXEP},01-04-2010 08:47,VIA0063,PC-2684,Connect
{G6Z4-G4VE84DP-3473BAQD},01-04-2010 08:47,MDM0625,PC-4984,Disconnect
{D3C6-M8MO25LG-5796NDTA},01-04-2010 08:47,HSB0196,PC-8001,Connect
{I4B7-U4KP91YI-1949OAVJ},01-04-2010 08:47,LJT0817,PC-3120,Disconnect
{V6T2-X5SW21OK-6617FTTX},01-04-2010 08:48,IBS0836,PC-6382,Connect
{V6W5-F6ZJ15JA-5656USSP},01-04-2010 08:48,JBD0616,PC-1479,Disconnect
{I8Q0-I1YY43JI-8142UYYO},01-04-2010 08:48,VIA0063,PC-2684,Disconnect
{M5K7-R5UZ34BN-3444TLNR},01-04-2010 08:49,BSS0369,PC-3672,Connect
{K2J1-Q1RS92ED-9255DQFT},01-04-2010 08:49,IBB0359,PC-4195,Connect
{Z0T6-E1CX09WZ-5195VQNE},01-04-2010 08:50,BRS0734,PC-4785,Connect
{K0D1-O4DP28RR-8383MQGO},01-04-2010 08:51,VTT0385,PC-5027,Disconnect
{G0K7-S0SF47GH-8883SDEK},01-04-2010 08:51,VIA0063,PC-2684,Connect
{Q6F7-V2YZ27PQ-8038ZXRI},01-04-2010 08:54,JFC0557,PC-9179,Connect
{N2J4-L8VP26CJ-2933NRAM},01-04-2010 08:54,VIA0063,PC-2684,Disconnect
{V6D7-B8PB49YF-2627VLYC},01-04-2010 08:54,AIB0948,PC-8245,Connect
{B1M0-W1AF73WH-9152BWSD},01-04-2010 08:57,JDF0593,PC-6301,Connect
{V3L0-H1SG09NI-7629CAJA},01-04-2010 08:58,LDG0459,PC-5621,Disconnect
{G0H7-H1PO03QN-3578YTXI},01-04-2010 08:58,BMG0917,PC-6688,Connect
{S8X4-L6KS09HG-1582KQVY},01-04-2010 08:59,MLL0598,PC-0189,Connect
{O9V5-D2WY69TP-8633MULM},01-04-2010 08:59,IBB0359,PC-4195,Disconnect
{Z5P7-I6GA46DI-8756IGQY},01-04-2010 09:00,MOS0047,PC-5820,Disconnect
{M9K6-R1TO97EJ-6407OWLZ},01-04-2010 09:00,BSS0369,PC-3672,Disconnect
{R5E8-Z0MY10YC-9518PPMT},01-04-2010 09:01,VIA0063,PC-2684,Connect
{J4F4-B9QW91AJ-0633VPXZ},01-04-2010 09:02,CCL0068,PC-7699,Disconnect
{E0L0-I1CI24LG-0828QRFT},01-04-2010 09:02,XHW0498,PC-9840,Connect
{Z0G2-A1CO34MO-6518SHEN},01-04-2010 09:03,VIA0063,PC-2684,Disconnect
{L0T3-K3IL11YA-5306ZHDT},01-04-2010 09:04,GHH0288,PC-4686,Connect
{F2H6-P3AK08KN-2579IYCZ},01-04-2010 09:04,VTT0385,PC-5027,Connect
{C1O3-E8SI50LT-8872ZPII},01-04-2010 09:05,DBB0384,PC-4243,Disconnect
{O5N9-C7GX02VT-4405NMZC},01-04-2010 09:06,RSC0089,PC-9929,Disconnect
{O3N3-S8TS07SW-1659YVFD},01-04-2010 09:07,IUB0565,PC-5775,Connect
{P6R7-C7ZQ23YM-0622ZVTK},01-04-2010 09:07,VSA0230,PC-9547,Connect
{L2W4-Z4QJ28QF-5118PYYD},01-04-2010 09:08,BBG0325,PC-6609,Connect
{Y6A2-X3TL46XI-3976XYEA},01-04-2010 09:08,MKW0441,PC-1795,Connect
{C2V6-Z2NO05ED-6968IXDZ},01-04-2010 09:09,WBC0192,PC-6349,Connect
{Z5L2-F1DU69FU-9785HBEE},01-04-2010 09:09,MLL0598,PC-0189,Disconnect
{T7X1-D9FN28BM-2924GYDL},01-04-2010 09:10,BJP0134,PC-0898,Connect
{H8S6-E8AJ35WX-8158FHJX},01-04-2010 09:10,JMK0099,PC-2363,Connect
{I7D1-Z8RV25ML-8573YKHT},01-04-2010 09:10,RSC0089,PC-9929,Connect
{N4Q6-X9GQ83NC-8562CPRK},01-04-2010 09:11,DLM0051,PC-0166,Connect
{Q7W3-Y6GZ13XE-3092EZVC},01-04-2010 09:11,BBG0325,PC-6609,Disconnect
{T0M0-A8DE03GS-2415OFRG},01-04-2010 09:11,MDM0625,PC-4984,Connect
{L8N2-B1MS85UD-3098CKPG},01-04-2010 09:12,AJF0370,PC-8651,Connect
{B3Q3-G7CQ02XK-1680VTFY},01-04-2010 09:12,HSB0196,PC-8001,Disconnect
{I4A1-R3RD77QP-5881HTTR},01-04-2010 09:13,BQS0525,PC-0269,Connect
{B0Q5-N8MM81II-6036SGJG},01-04-2010 09:13,KMB0922,PC-1725,Connect
{I2I4-P9JQ68EB-5497OBDX},01-04-2010 09:14,JMD0520,PC-1243,Connect
{P7O3-X1FF85FB-5521SJHE},01-04-2010 09:14,HWW0436,PC-8391,Connect
{Q3Z6-G2UU49QM-0909OCFI},01-04-2010 09:14,MLL0598,PC-0189,Connect
{S6V9-D3QP67DD-2047VAMF},01-04-2010 09:14,GHH0288,PC-4686,Disconnect
{B2O3-X0ST61QW-5289DPXY},01-04-2010 09:14,HAH0760,PC-1038,Connect
{S7S0-I1VR23SY-1469QKKO},01-04-2010 09:14,AVM0947,PC-0285,Connect
{I6X0-C1UH14DC-6241SJPJ},01-04-2010 09:15,XHW0498,PC-9840,Disconnect
{G5L0-Q9EH58OY-6773XRVO},01-04-2010 09:15,WXH0872,PC-9460,Connect
{B2P1-Z5VZ78UJ-7401XVKB},01-04-2010 09:15,JMD0520,PC-1243,Disconnect
{X4N4-A0HN66WA-2679FFHU},01-04-2010 09:16,KMB0922,PC-1725,Disconnect
{X8Y9-G0PR04CN-1873KXPG},01-04-2010 09:16,DLM0051,PC-0166,Disconnect
{C6Z6-O0LV78FD-5465WFHX},01-04-2010 09:17,RSC0089,PC-9929,Disconnect
{V9A4-R8EW95WZ-7418ONBV},01-04-2010 09:18,LOM0086,PC-9087,Connect
{X9O9-B2UK18DO-8986PROO},01-04-2010 09:18,HXL0968,PC-0623,Connect
{D1N4-N2SO17HS-7642QNOT},01-04-2010 09:18,WXH0872,PC-9460,Disconnect
{Z6L9-W9GJ66SP-0011AIWC},01-04-2010 09:19,MDM0625,PC-4984,Disconnect
{F9A5-M8OQ55LA-6604OIZD},01-04-2010 09:19,IUB0565,PC-5775,Disconnect
{I2X7-C6RP83PS-6910TLKY},01-04-2010 09:19,BRM0995,PC-0768,Connect
{N0G3-Q1XI20SK-6207IFYP},01-04-2010 09:19,LOM0086,PC-9087,Disconnect
{E0D8-F8VZ94TI-2105GJSE},01-04-2010 09:20,AIB0948,PC-8245,Disconnect
{G2K2-F6DP35PX-4575CFCC},01-04-2010 09:20,HAH0760,PC-1038,Disconnect
{L2L9-B3RZ04OR-0591FCKX},01-04-2010 09:20,VTT0385,PC-5027,Disconnect
{J0O6-L3DL05VH-3103FQYS},01-04-2010 09:21,AJF0370,PC-8651,Disconnect
{X8O8-J5DO34KJ-8206HVYH},01-04-2010 09:21,ZKS0899,PC-8517,Connect
{W9B8-T1LS54HB-5506GLTK},01-04-2010 09:22,GHH0288,PC-4686,Connect
{L6T3-K5GN68JH-4142AXOD},01-04-2010 09:22,JDF0593,PC-6301,Disconnect
{U3C6-P3BI84SR-0404ALEJ},01-04-2010 09:23,JHP0583,PC-9083,Connect
{H1P5-D7RZ32AD-7556XTLN},01-04-2010 09:24,DLM0051,PC-0166,Connect
{F8Y4-Y0TT44SL-6677YZNM},01-04-2010 09:25,GHH0288,PC-4686,Disconnect
{A7W1-N5QQ99OR-1964ISWL},01-04-2010 09:25,BJP0134,PC-0898,Disconnect
{P6E3-W8PY97NE-7913FBNT},01-04-2010 09:25,MOH0273,PC-6699,Connect
{N2E6-C8KX44IN-6599ZTOR},01-04-2010 09:26,DLM0051,PC-0166,Disconnect
{L6F7-V5DW22IG-9260NMSS},01-04-2010 09:27,JNJ0556,PC-0576,Connect
{H3R5-X2KB61OV-7821MMNT},01-04-2010 09:27,BQS0525,PC-0269,Disconnect
{F9L2-V1WE80CP-9522FZTN},01-04-2010 09:27,OCS0865,PC-8309,Connect
{M4L8-M1SM66KR-8784RAVP},01-04-2010 09:28,AVM0947,PC-0285,Disconnect
{Z5W9-P1UL54KT-7327ENGK},01-04-2010 09:28,JMK0099,PC-2363,Disconnect
{U9U6-G0VY90BF-1684EKZK},01-04-2010 09:28,GTD0219,PC-6425,Connect
{X6A5-D0RX04RY-8851BEIQ},01-04-2010 09:28,HSB0196,PC-8001,Connect
{Q5F2-F6IR89QY-1569WNZB},01-04-2010 09:28,JJH0613,PC-9171,Connect
{T5X5-E3TU97TZ-6297LOLL},01-04-2010 09:29,IBB0359,PC-4195,Connect
{K6L7-S7GG46OA-8459KBYW},01-04-2010 09:29,KKW0879,PC-2531,Connect
{B6F5-N5OF69QD-8814TMDP},01-04-2010 09:29,VSA0230,PC-9547,Disconnect
{J1M7-S1BM52LU-0853XDLL},01-04-2010 09:31,MOH0273,PC-6699,Disconnect
{R3P7-F8HL24MR-8129WXRC},01-04-2010 09:31,UAD0771,PC-2499,Connect
{S6I7-R9HZ83TZ-2281UAET},01-04-2010 09:31,HCS0003,PC-3054,Connect
{T7X5-U9ZT60ED-5937APAD},01-04-2010 09:32,OCS0865,PC-8309,Disconnect
{I5Y0-B8AC37CO-6533LBUG},01-04-2010 09:33,JNJ0556,PC-0576,Disconnect
{W5A5-C2HN92PC-9909CWZR},01-04-2010 09:33,ZKS0899,PC-8517,Disconnect
{B6N4-I6IT03ZZ-7782QUVC},01-04-2010 09:33,KKW0879,PC-2531,Disconnect
{C6J0-C0VE72KA-6613HHPC},01-04-2010 09:34,DLM0051,PC-0166,Connect
{J5U3-C5EV69ZO-9550RRAG},01-04-2010 09:34,RHL0992,PC-9040,Connect
{N7U5-T7IU10IH-4538QOSY},01-04-2010 09:35,QOS0878,PC-2211,Connect
{R2P1-O5QV07KD-4112MPQE},01-04-2010 09:35,BMG0917,PC-6688,Disconnect
{V2L9-I8NV18NJ-0476VATG},01-04-2010 09:35,IBB0359,PC-4195,Disconnect
{U7F8-Y0AY92BU-6653JEMR},01-04-2010 09:36,JDF0593,PC-6301,Connect
{S3C8-R3FW67TP-4035YQAU},01-04-2010 09:36,WIF0691,PC-6390,Connect
{Q3K0-K3SV42SY-5111XRNM},01-04-2010 09:38,HXL0968,PC-0623,Disconnect
{O5F2-Q2LF20NW-4323QLMR},01-04-2010 09:38,AJF0370,PC-8651,Connect
{X4F3-W3JI68BE-8936DMIC},01-04-2010 09:38,HWW0436,PC-8391,Disconnect
{S8P3-E5JM31LO-5054SECB},01-04-2010 09:39,JJM0203,PC-0148,Connect
{S4E1-M1QE23WX-3601YJYR},01-04-2010 09:39,BSS0369,PC-3672,Connect
{B0C1-K8CV55QT-5293SUXB},01-04-2010 09:40,HDH0928,PC-0252,Connect
{K4V1-D5LZ16FG-7767GGOC},01-04-2010 09:42,CHM0821,PC-7933,Connect
{C2G4-T8BA30TG-5986UZCE},01-04-2010 09:43,DLM0051,PC-0166,Disconnect
{M3S7-S6WS80TF-1438VXRF},01-04-2010 09:44,OBH0499,PC-7989,Disconnect
{O4U8-L6RJ26PN-7821KLEY},01-04-2010 09:47,JJH0613,PC-9171,Disconnect
{T5B4-R0TN98NV-2151UNNN},01-04-2010 09:48,HCS0003,PC-3054,Disconnect
{Y5X6-U2CQ93LI-9847VHTB},01-04-2010 09:48,BRM0995,PC-0768,Disconnect
{N3B5-L7BC44AG-8156GSCC},01-04-2010 09:49,CHM0821,PC-7933,Disconnect
{X1D9-O2BE36EZ-8900EDBL},01-04-2010 09:49,MOH0273,PC-6699,Connect
{R9N2-W6DX86VU-0039VXDR},01-04-2010 09:49,JFC0557,PC-9179,Disconnect
{M3C4-W3UJ29AY-1433ILQS},01-04-2010 09:49,IBB0359,PC-4195,Connect
{X7W4-K4YR89YD-2516EFVF},01-04-2010 09:50,LBH0942,PC-3640,Connect
{P3K5-Z4LW18UL-0836WEZM},01-04-2010 09:50,CWR0502,PC-3737,Connect
{M2I2-G4JG68KH-4015KJPM},01-04-2010 09:50,HPH0075,PC-2417,Connect
{F0V8-K8UR61ZV-3213YVMO},01-04-2010 09:50,DLM0051,PC-0166,Connect
{Z4W4-J9EU39CI-6207WFRH},01-04-2010 09:50,BJP0134,PC-0898,Connect
{Q3K3-L1UI33BC-6443BZJM},01-04-2010 09:51,BQS0525,PC-0269,Connect
{R1W9-N5LH07UE-3320TJOM},01-04-2010 09:52,HBO0413,PC-7384,Connect
{N6J6-Y6AB66JE-6430MJSE},01-04-2010 09:52,HCS0003,PC-3054,Connect
{A5I7-R6QD83KC-8969LZEB},01-04-2010 09:52,IBS0836,PC-6382,Disconnect
{R2W1-W0HZ12NW-9082ZGCF},01-04-2010 09:53,GTD0219,PC-6425,Disconnect
{T8G5-Z4XG35CB-4256TKPC},01-04-2010 09:54,LBH0942,PC-3640,Disconnect
{M2A2-I3NN43RS-5544YWCK},01-04-2010 09:54,BSS0369,PC-3672,Disconnect
{D1R1-K7IG78AA-4391TEJX},01-04-2010 09:54,DLM0051,PC-0166,Disconnect
{V5V6-V1CL85CI-2970WBHF},01-04-2010 09:54,JDF0593,PC-6301,Disconnect
{C6R3-V4NJ82WN-8036BQID},01-04-2010 09:55,HDH0928,PC-0252,Disconnect
{W5G5-P8NK46RR-1012YCBS},01-04-2010 09:55,BJP0134,PC-0898,Disconnect
{X1Y3-V2WM98SB-4706XIHT},01-04-2010 09:55,SAA0999,PC-4559,Connect
{X3E1-Y9CK79WS-3983HBHJ},01-04-2010 09:55,BQS0525,PC-0269,Disconnect
{U6H8-X9WF51AM-1811TFAE},01-04-2010 09:55,AJF0370,PC-8651,Disconnect
{N6Y0-T0QN14OE-8025AQCA},01-04-2010 09:56,BJP0134,PC-0898,Connect
{U5W5-L0DF98HH-7109VPXZ},01-04-2010 09:56,CIM0271,PC-3291,Connect
{V1C4-W6JV76AK-3001DUAE},01-04-2010 09:58,KKW0879,PC-2531,Connect
{F8Z0-O8JW77YN-1573DWDH},01-04-2010 09:59,IBB0359,PC-4195,Disconnect
{Z2W1-E0EB97ML-7052QTEX},01-04-2010 09:59,JBD0616,PC-1479,Connect
{Y1M4-D7VE91LT-1638TRDZ},01-04-2010 10:00,HSB0196,PC-8001,Disconnect
{D4M1-I0KZ91KR-9041TBUT},01-04-2010 10:00,JJM0203,PC-0148,Disconnect
{V1L2-F3HI76AC-0460LXJT},01-04-2010 10:00,IBB0359,PC-4195,Connect
{I3H5-K2PS30YT-6923LUGU},01-04-2010 10:01,ZKS0899,PC-8517,Connect
{I4Y6-E0PJ94HD-4121DEAM},01-04-2010 10:02,DIB0285,PC-1268,Connect
{B1T6-O8HK31CR-1907YDAY},01-04-2010 10:03,IBB0359,PC-4195,Disconnect
{L9Y9-J7KD83CR-6152AXMJ},01-04-2010 10:04,VCC0396,PC-4582,Connect
{U9E7-M4FC57NA-9248PGYO},01-04-2010 10:05,BRS0734,PC-4785,Disconnect
{E4P1-Y5GO39TL-9861YANP},01-04-2010 10:05,UAD0771,PC-2499,Disconnect
{Z0F4-O3FF26TN-8556FJGM},01-04-2010 10:06,BQS0525,PC-0269,Connect
{M4M8-B9OI70VK-2113LICV},01-04-2010 10:06,MDM0625,PC-4984,Connect
{P9E9-K0OE80EX-8216VGWN},01-04-2010 10:07,MDM0625,PC-4984,Disconnect
{Q2R8-A8EZ92RU-0863PVFK},01-04-2010 10:07,AJF0370,PC-8651,Connect
{Z6D0-E0VV53VL-7406XQGL},01-04-2010 10:07,JBD0616,PC-1479,Disconnect
{Y6W6-L3PZ00JI-2003URPA},01-04-2010 10:08,LBH0942,PC-3640,Connect
{Z8B6-W6NU29BE-7274UDLM},01-04-2010 10:08,MOH0273,PC-6699,Disconnect
{P3K3-S7AP35IB-8692FUUD},01-04-2010 10:08,HCS0003,PC-3054,Disconnect
{X9S8-E6UN25ET-1962HUVW},01-04-2010 10:08,SBN0971,PC-0151,Connect
{D8P8-B5OB38SK-6574HQAR},01-04-2010 10:08,JNJ0556,PC-0576,Connect
{J2I2-H2YL11TQ-8132UCST},01-04-2010 10:09,MKW0441,PC-1795,Disconnect
{J1X6-P8QH27GI-0562PUAO},01-04-2010 10:10,CIM0271,PC-3291,Disconnect
{G4R4-S3TU59SE-4707HPEF},01-04-2010 10:10,JHP0583,PC-9083,Disconnect
{D3C5-F8FW86KD-7943VLAU},01-04-2010 10:11,ANM0123,PC-3845,Connect
{P5T5-V3OH97OY-0742TLAZ},01-04-2010 10:11,HBO0413,PC-7384,Disconnect
{A6Y0-N9IP63BN-0404RXRF},01-04-2010 10:11,SAA0999,PC-4559,Disconnect
{X4J0-I4XN31RF-6607ZQQB},01-04-2010 10:12,ESJ0670,PC-2321,Connect
{V7S7-A6FD01JA-5956XMXR},01-04-2010 10:12,IIW0249,PC-0843,Connect
{W9H2-K4LF45AN-8243AMFX},01-04-2010 10:14,HPH0075,PC-2417,Disconnect
{Q8F4-I5MJ34FT-0614JEYU},01-04-2010 10:14,IIW0249,PC-0843,Disconnect
{I7M9-X9PG51JU-8722TGCO},01-04-2010 10:15,AJF0370,PC-8651,Disconnect
{J4T9-I2IF02KY-2992FHJA},01-04-2010 10:15,WIF0691,PC-6390,Disconnect
{Y8R1-A2WV07UR-8749MNPK},01-04-2010 10:19,JBD0616,PC-1479,Connect
{N2I5-Q9PT04KP-1394ASWM},01-04-2010 10:19,NDM0417,PC-9134,Connect
{N3H9-A2CD50AY-0830ZQOO},01-04-2010 10:20,JDB0169,PC-7502,Connect
{T2P4-V6GI61MB-1583OIYZ},01-04-2010 10:20,BRB0355,PC-9896,Connect
{U3P6-Y6VP62AK-2340UHFN},01-04-2010 10:20,JBD0616,PC-1479,Disconnect
{B6K6-U8UM87ES-6590FEWC},01-04-2010 10:22,DBB0384,PC-4243,Connect
{Z3V9-C4XT37FL-6163WUML},01-04-2010 10:22,WXH0872,PC-9460,Connect
{R4S5-K2UK64AA-8829LDLQ},01-04-2010 10:23,BSS0369,PC-3672,Connect
{G0M4-X8QS54JR-9413ZHMR},01-04-2010 10:24,WBC0192,PC-6349,Disconnect
{H7C1-D3SY52GA-8788WNYT},01-04-2010 10:25,BJP0134,PC-0898,Disconnect
{N3C0-M4TT07OX-3660DAUR},01-04-2010 10:25,JNJ0556,PC-0576,Disconnect
{K4F2-L8ZG18HV-2357AOVL},01-04-2010 10:26,LBH0942,PC-3640,Disconnect
{B0Z8-U0BL42MG-8670DXBZ},01-04-2010 10:26,NAF0326,PC-0384,Connect
{Q0U2-G6MH79OT-3395ASZI},01-04-2010 10:27,BDI0533,PC-5883,Connect
{W4H4-G9UH34OZ-3224CVKI},01-04-2010 10:28,JDB0169,PC-7502,Disconnect
{I2W0-B1CV65KQ-8378NCQU},01-04-2010 10:28,WIQ0567,PC-6113,Connect
{A4Z9-A9MX02YV-2588IMUG},01-04-2010 10:28,MLL0598,PC-0189,Disconnect
{V4S5-K6FZ13CN-6826PCTV},01-04-2010 10:30,CAB0614,PC-6638,Connect
{U3D7-B2MU82UR-1719RRTM},01-04-2010 10:31,CGB0637,PC-8508,Connect
{Q6Z6-O1JT61QK-6420VXVJ},01-04-2010 10:32,BQS0525,PC-0269,Disconnect
{Z7I8-L0WU02IP-1336ZMBI},01-04-2010 10:32,LCC0819,PC-8192,Connect
{W6X0-U7YZ86ND-3932JMUG},01-04-2010 10:32,DBB0384,PC-4243,Disconnect
{Y7F7-K9QE59GY-2559MXLQ},01-04-2010 10:33,BSS0369,PC-3672,Disconnect
{L1W5-M1GQ11TK-4666KFEI},01-04-2010 10:33,DIW0118,PC-0174,Connect
{M1E9-E8BJ58VS-9009GYOJ},01-04-2010 10:33,CWR0502,PC-3737,Disconnect
{S6X6-R9EG35IN-2535DVEU},01-04-2010 10:34,ILJ0526,PC-7275,Connect
{Q4F5-K5RA32DZ-8595VWWO},01-04-2010 10:34,USH0199,PC-3581,Connect
{P7Q1-X2ZY09JJ-9338CRKT},01-04-2010 10:35,MOH0273,PC-6699,Connect
{T0H3-B2DI04QY-5237RTCN},01-04-2010 10:36,IIW0249,PC-0843,Connect
{S4T1-C2DA96WQ-9704VVFG},01-04-2010 10:36,SBN0866,PC-8714,Connect
{N4G8-G3SP72HU-4615BTUS},01-04-2010 10:36,TSR0676,PC-9227,Connect
{A1D6-U0VJ50SU-9495RPKO},01-04-2010 10:36,TSR0676,PC-9227,Disconnect
{E8Z3-W4ND12LM-5770NWHQ},01-04-2010 10:37,KKW0879,PC-2531,Disconnect
{N8J6-W4AU14NQ-8376CDTD},01-04-2010 10:37,BRB0355,PC-9896,Disconnect
{U5Y2-L6QA81CR-5606JGHA},01-04-2010 10:38,WXH0872,PC-9460,Disconnect
{J4Z6-P5YD44CC-2440DOUZ},01-04-2010 10:41,IIW0249,PC-0843,Disconnect
{L9C0-J3KM58OG-3293EYOD},01-04-2010 10:41,ZKS0899,PC-8517,Disconnect
{T0K6-D7BP89SD-2999KQRT},01-04-2010 10:43,VTT0385,PC-5027,Connect
{D7T3-O4IB04BH-7740LAWR},01-04-2010 10:43,BQS0525,PC-0269,Connect
{K3B2-S0QV32IB-9192ZUGI},01-04-2010 10:46,SCP0130,PC-2057,Connect
{H6N4-E0KY14KE-1877FWYA},01-04-2010 10:46,BQS0525,PC-0269,Disconnect
{T0S7-C0YI04BX-7170PKWJ},01-04-2010 10:46,QOS0878,PC-2211,Disconnect
{J4R5-Q3IC30PQ-5697EBMR},01-04-2010 10:46,ABC0174,PC-5156,Connect
{L2L8-U5KR06VI-4444OUEL},01-04-2010 10:46,VTT0385,PC-5027,Disconnect
{S7L0-T9GN90RC-9055BOFJ},01-04-2010 10:49,KKW0879,PC-2531,Connect
{Z9M1-U5AU56FU-0761QABA},01-04-2010 10:49,OBH0499,PC-7989,Connect
{K1B4-O5IQ11LA-1653IECH},01-04-2010 10:49,AIB0948,PC-8245,Connect
{Y6H9-G7BL93SJ-0592AQRY},01-04-2010 10:49,ABC0174,PC-5156,Disconnect
{J8G3-I3BT51HL-1288JNQJ},01-04-2010 10:50,JCG0316,PC-9245,Connect
{B2P6-P6JU95TF-8970VNIA},01-04-2010 10:51,MTT0901,PC-2775,Connect
{T4Q6-X1CQ90RR-0802QOJV},01-04-2010 10:51,NMS0280,PC-8262,Connect
{K8M4-M7SN75FP-1423SPLQ},01-04-2010 10:51,AVM0947,PC-0285,Connect
{K2D4-E5ZV92AT-7715UDSM},01-04-2010 10:52,OBH0499,PC-7989,Disconnect
{D3B3-X5OW14BP-9782OVAY},01-04-2010 10:53,BDI0533,PC-5883,Disconnect
{R7C4-F6KP44HB-2006EGNH},01-04-2010 10:53,SBN0971,PC-0151,Disconnect
{H9K0-S9UO32RN-0701YYUY},01-04-2010 10:54,RHL0992,PC-9040,Disconnect
{O9M2-O4DZ01FM-1185TAOG},01-04-2010 10:54,DIW0118,PC-0174,Disconnect
{H6U2-P0US62BD-6178ETRH},01-04-2010 10:54,THR0873,PC-4804,Connect
{I8K5-S8TU31QM-1930JHYS},01-04-2010 10:54,KKW0879,PC-2531,Disconnect
{J2K5-K6WP32HH-4771OWKG},01-04-2010 10:55,AIB0948,PC-8245,Disconnect
{E7R5-D1CH29MY-7149MKJO},01-04-2010 10:55,USH0199,PC-3581,Disconnect
{B4B4-V3WL61EM-3203YIKD},01-04-2010 10:55,BSS0369,PC-3672,Connect
{T3D2-U7PW04WF-4498PWMM},01-04-2010 10:56,IJM0776,PC-0198,Connect
{G3R8-V0OM56PV-9496JDQG},01-04-2010 10:56,OBH0499,PC-7989,Connect
{T0L6-T8XN23VP-2267JDDK},01-04-2010 10:58,MOH0273,PC-6699,Disconnect
{H3Z0-C7MF29BG-6051LSZU},01-04-2010 10:58,CLB0774,PC-7029,Connect
{J7A5-Y3XW12LH-0820OQDM},01-04-2010 11:00,NMS0280,PC-8262,Disconnect
{A9T5-F1CF69WJ-0539YMCJ},01-04-2010 11:00,VSS0154,PC-6055,Connect
{R6W5-I0VX12LI-9614QCDO},01-04-2010 11:02,JBD0616,PC-1479,Connect
{N8Q6-D6MH57UN-5762DBSF},01-04-2010 11:02,HCS0003,PC-3054,Connect
{K9G6-R5PQ45TK-2705CRCP},01-04-2010 11:02,DIB0285,PC-1268,Disconnect
{V0X2-M1WN31TA-5037WMGG},01-04-2010 11:03,VTT0385,PC-5027,Connect
{Q1B6-Z3QY59RS-0704IOJS},01-04-2010 11:03,BJP0134,PC-0898,Connect
{E1D7-S4AM53DY-2127RGZI},01-04-2010 11:05,HBO0413,PC-7384,Connect
{S9Q1-X4AG23JF-2349ZNQT},01-04-2010 11:06,LCB0664,PC-3196,Connect
{Q0R8-I3KT63EH-3032QHJA},01-04-2010 11:06,JCG0316,PC-9245,Disconnect
{G2G3-Z6YA28AC-1581CEIJ},01-04-2010 11:06,CLB0774,PC-7029,Disconnect
{D3Y8-X1KP78NM-1764GAEQ},01-04-2010 11:07,BSS0369,PC-3672,Disconnect
{H1L2-N3KL86PL-4246SVWG},01-04-2010 11:07,LCB0664,PC-3196,Disconnect
{R4M5-D8ZY16YW-9914ERSM},01-04-2010 11:07,LCB0664,PC-3196,Connect
{Z6D9-O1GU62DV-4919EEJY},01-04-2010 11:07,DIB0081,PC-9524,Connect
{F2D2-T4PH57MX-6092CDRZ},01-04-2010 11:08,HCL0651,PC-8314,Connect
{M7N3-J7SI78CX-7432LNIM},01-04-2010 11:08,JNJ0556,PC-0576,Connect
{V1W6-U9TO95JG-9595HFMH},01-04-2010 11:09,LCB0664,PC-3196,Disconnect
{H7W4-W4ZK17FL-3327UHOQ},01-04-2010 11:10,CWR0502,PC-3737,Connect
{Z0B2-J5GU44GJ-4570YKVA},01-04-2010 11:11,BRB0355,PC-9896,Connect
{M8X6-I5BD94GF-2069DNET},01-04-2010 11:11,VCC0396,PC-4582,Disconnect
{U5J3-Y1CS28OQ-3264PAJP},01-04-2010 11:11,DIB0081,PC-9524,Disconnect
{D1Y4-H2SB03XC-3048LQPR},01-04-2010 11:11,DBB0384,PC-4243,Connect
{H1G0-B6CV95IV-6591BKCE},01-04-2010 11:12,DBB0384,PC-4243,Disconnect
{Z7A1-C6YR34QR-5052XUDO},01-04-2010 11:13,JDB0169,PC-7502,Connect
{W3F1-Y9UO37WA-0423FVVT},01-04-2010 11:13,NDM0417,PC-9134,Disconnect
{M5S4-O0EE28CU-7892UKXI},01-04-2010 11:14,AIB0948,PC-8245,Connect
{S7R1-H2OT60NB-3815DWSB},01-04-2010 11:14,HBO0413,PC-7384,Disconnect
{F7Y5-Z1PX52KG-4810TKSI},01-04-2010 11:15,CGB0637,PC-8508,Disconnect
{H0F8-G2KG02GW-3113CBKZ},01-04-2010 11:17,IBB0359,PC-4195,Connect
{E2V5-N2TD43JS-3049GCET},01-04-2010 11:17,VTT0385,PC-5027,Disconnect
{U6L7-D5KF81RE-5416MWIG},01-04-2010 11:17,LBH0942,PC-3640,Connect
{D8S2-Y4ST65OR-4758EVJB},01-04-2010 11:18,HAH0760,PC-1038,Connect
{G9D5-D9VG11ES-6419YXVZ},01-04-2010 11:18,CAB0614,PC-6638,Disconnect
{H2N6-O8RH71SY-8242KNHX},01-04-2010 11:18,DIB0285,PC-1268,Connect
{V8V7-K1FS92XG-6328JZMO},01-04-2010 11:19,OBH0499,PC-7989,Disconnect
{L4A1-D6JK60RH-6452CYSA},01-04-2010 11:20,IBB0359,PC-4195,Disconnect
{F8Y2-V5AR46UX-3750IYIA},01-04-2010 11:20,CTA0020,PC-3118,Connect
{T0I5-B3OT64FI-4904EJLB},01-04-2010 11:20,MPM0220,PC-2344,Connect
{N2Y4-Q3WP83YI-2111KJJJ},01-04-2010 11:20,HAH0760,PC-1038,Disconnect
{Y8P8-I9CA40US-0580SAJC},01-04-2010 11:20,QRM0739,PC-7343,Connect
{Y5T4-S2TN64XW-8552VXIX},01-04-2010 11:21,ESJ0670,PC-2321,Disconnect
{B8R6-Q3JV92LS-4839DDUE},01-04-2010 11:22,SBN0866,PC-8714,Disconnect
{M3U9-P3GJ61XX-5289CLXX},01-04-2010 11:23,MKW0441,PC-1795,Connect
{Z9N3-N7JI50PK-0118NNOI},01-04-2010 11:23,MOH0273,PC-6699,Connect
{J1J8-O3FI70UF-7669SRGV},01-04-2010 11:23,QRM0739,PC-7343,Disconnect
{L5T8-D3PB66IN-4426BXRH},01-04-2010 11:23,MLL0598,PC-0189,Connect
{W2I4-Q4FQ25WU-3276AOFN},01-04-2010 11:23,AKR0057,PC-2879,Connect
{B6N2-K8RW52KG-9532SNPN},01-04-2010 11:24,HCS0003,PC-3054,Disconnect
{D3H8-Q9QM36BI-7577CBWV},01-04-2010 11:25,HPH0075,PC-2417,Connect
{W6M4-F4MO89GF-2981KUUE},01-04-2010 11:26,JBD0616,PC-1479,Disconnect
{G4Y7-E5MI24GA-4782YZUQ},01-04-2010 11:26,THR0873,PC-4804,Disconnect
{F7K5-A6QE67OX-4576NRZP},01-04-2010 11:26,JDB0169,PC-7502,Disconnect
{V3A2-R9XM82QV-6743YVHP},01-04-2010 11:27,BJP0134,PC-0898,Disconnect
{F6I2-Z2GE30AG-5389PDZJ},01-04-2010 11:27,JBD0616,PC-1479,Connect
{R4K5-R8DO48FA-7246BOIX},01-04-2010 11:28,JDB0169,PC-7502,Connect
{Z2K0-A4FA34GA-3895XDNT},01-04-2010 11:28,FSC0601,PC-9066,Connect
{W3I9-F6YL86NM-2198NBBW},01-04-2010 11:29,JBD0616,PC-1479,Disconnect
{J5U0-N0BI07KG-5451POBU},01-04-2010 11:29,WIQ0567,PC-6113,Disconnect
{F9Y0-T8TT10SM-6397MQCF},01-04-2010 11:29,MKW0441,PC-1795,Disconnect
{C4W5-V9MI10XY-0766FVMV},01-04-2010 11:29,ILJ0526,PC-7275,Disconnect
{S4K6-G8AO98IW-8609WHSO},01-04-2010 11:30,MLL0598,PC-0189,Disconnect
{H0X7-K3KG04JX-7299OXNL},01-04-2010 11:30,IJM0776,PC-0198,Disconnect
{U6S6-Y8YI91RY-4392VBQF},01-04-2010 11:30,AKR0057,PC-2879,Disconnect
{B7T3-X4OO93PO-6842KEPI},01-04-2010 11:31,BJM0111,PC-6866,Connect
{S9C0-K2IN15MW-4195YRQT},01-04-2010 11:32,BJM0111,PC-6866,Disconnect
{U8Y9-D7CI03RD-2604GJOF},01-04-2010 11:32,RUM0880,PC-8592,Connect
{W9E2-N4UZ27WP-1224UOQE},01-04-2010 11:32,AIB0948,PC-8245,Disconnect
{U5R9-G2QB45ST-4532WWZO},01-04-2010 11:36,MTT0901,PC-2775,Disconnect
{U4Z5-C7LH21QN-0041BYLN},01-04-2010 11:36,AVM0947,PC-0285,Disconnect
{R7P6-J1XE97DD-9929DGFU},01-04-2010 11:36,LBH0942,PC-3640,Disconnect
{L3A6-P9YP50NE-8023JZBN},01-04-2010 11:36,WIF0691,PC-6390,Connect
{A9J5-Z4GV90LI-6736FHTU},01-04-2010 11:37,JDB0169,PC-7502,Disconnect
{O6P8-D7GN06QT-2285ZCVC},01-04-2010 11:37,PSF0133,PC-4925,Connect
{P5V9-P0HK19AC-1986IEYU},01-04-2010 11:38,DIW0118,PC-0174,Connect
{E0E7-T0NC49WT-9501DHYG},01-04-2010 11:38,SCP0130,PC-2057,Disconnect
{T4W8-M1QI26DC-7084EXPC},01-04-2010 11:38,VTT0385,PC-5027,Connect
{Q9G5-L3XD57AL-4834UPMY},01-04-2010 11:38,ANM0123,PC-3845,Disconnect
{B3S8-D6GK08DO-9610OPQS},01-04-2010 11:38,CTA0020,PC-3118,Disconnect
{L4G0-Z9TM69ZY-4497EZFF},01-04-2010 11:39,NAF0326,PC-0384,Disconnect
{W8N5-G6XX90XY-0861QJLA},01-04-2010 11:40,BRM0995,PC-0768,Connect
{G9M6-P4QG92TQ-9966DAFB},01-04-2010 11:40,JDB0169,PC-7502,Connect
{G8N5-X6MP87HU-9081RHPX},01-04-2010 11:41,RRC0553,PC-6672,Connect
{G9N5-M7HE70CI-6147DCBH},01-04-2010 11:41,SAA0999,PC-4559,Connect
{W0O3-H7YK03IN-9199GLEV},01-04-2010 11:42,BJM0111,PC-6866,Connect
{D6T3-D1BO55CF-8774HPAT},01-04-2010 11:42,HPH0075,PC-2417,Disconnect
{P9U8-N4RS04DH-5541CIDJ},01-04-2010 11:43,BJM0111,PC-6866,Disconnect
{I7S2-L1MY44MQ-9608CMDL},01-04-2010 11:44,FSC0601,PC-9066,Disconnect
{M0V5-K4EN19ZQ-7785GTBC},01-04-2010 11:44,WIF0691,PC-6390,Disconnect
{U9A8-E9AV11ZV-9029QARU},01-04-2010 11:44,BMG0917,PC-6688,Connect
{X6J7-Q5OI88SR-2510TGLB},01-04-2010 11:45,OBH0499,PC-7989,Connect
{H6N6-B7CZ43CI-8496OOXK},01-04-2010 11:45,BJM0111,PC-6866,Connect
{H7R1-M1OB71QC-7306SKVD},01-04-2010 11:46,VSS0154,PC-6055,Disconnect
{U0L3-N9OI80KN-3667BUYG},01-04-2010 11:46,WXH0872,PC-9460,Connect
{E8T2-P2NE97VH-3052VCAL},01-04-2010 11:47,KKW0879,PC-2531,Connect
{J6B9-K8TE25VQ-5896BVZD},01-04-2010 11:47,RUM0880,PC-8592,Disconnect
{R2N3-M1IQ88EE-9811TNMW},01-04-2010 11:48,CTA0020,PC-3118,Connect
{Y5J4-J2DB62NR-5760DMVW},01-04-2010 11:48,OBH0499,PC-7989,Disconnect
{L7Y5-N1SC64LQ-3844XLVF},01-04-2010 11:48,AIB0948,PC-8245,Connect
{F8N5-O3MO23PK-6105YVHI},01-04-2010 11:48,MPM0220,PC-2344,Disconnect
{T7R9-F0YO75DK-7471DSXR},01-04-2010 11:49,CWR0502,PC-3737,Disconnect
{J5U6-Q5FK87KP-3455FFGN},01-04-2010 11:49,VTT0385,PC-5027,Disconnect
{M9C6-X4TK27QK-1097IXME},01-04-2010 11:49,SAA0999,PC-4559,Disconnect
{J5H1-Z7PZ16IF-0350WLOJ},01-04-2010 11:49,JDB0169,PC-7502,Disconnect
{J7L3-G6BL29TE-1838PNJF},01-04-2010 11:49,UAD0771,PC-2499,Connect
{G8B1-N6LQ95GH-3045VEVU},01-04-2010 11:49,QRM0739,PC-7343,Connect
{V1U8-E0JN61RI-8376XAYW},01-04-2010 11:49,QRM0739,PC-7343,Disconnect
{T8K9-Z2PQ54TU-5175JBUY},01-04-2010 11:50,CAB0614,PC-6638,Connect
{R6I5-I5WU38GW-0809DLFV},01-04-2010 11:50,MOH0273,PC-6699,Disconnect
{S5V2-Z1OJ06UL-4513VZRP},01-04-2010 11:50,JNJ0556,PC-0576,Disconnect
{E3L4-B6ZD01KK-8535MYSL},01-04-2010 11:52,SAA0999,PC-4559,Connect
{I3C3-T7QS32UI-4179MNTG},01-04-2010 11:52,PNL0301,PC-5611,Connect
{R0X5-W7IN98IH-7730QZBA},01-04-2010 11:53,KMB0922,PC-1725,Connect
{I1U8-L8RO29LO-3868NKMK},01-04-2010 11:54,RAR0725,PC-4159,Connect
{C9H7-B9PW77LO-2829KMLZ},01-04-2010 11:55,KKW0879,PC-2531,Disconnect
{T8U0-Q0JK96CU-9541RQTV},01-04-2010 11:55,LDG0459,PC-5621,Connect
{S4T1-F1DM72LZ-7897HGTX},01-04-2010 11:55,UAD0771,PC-2499,Disconnect
{C7A5-A1XA73SS-7615LNFZ},01-04-2010 11:55,HSB0196,PC-8001,Connect
{R6N5-O9HL15LB-2130XIWS},01-04-2010 11:57,HMM0108,PC-8052,Connect
{H5H9-X4IL71SG-8666RSNJ},01-04-2010 11:57,RSC0089,PC-9929,Connect
{W0T1-W4HG31TF-1552FKGO},01-04-2010 11:57,RRC0553,PC-6672,Disconnect
{U1X7-F0GQ34YQ-3774TVKP},01-04-2010 12:00,HCL0651,PC-8314,Disconnect
{N5X7-S8HE09MF-1891PYIV},01-04-2010 12:01,SBN0866,PC-8714,Connect
{P6O2-B8NS59LX-4827RAVH},01-04-2010 12:01,BRM0995,PC-0768,Disconnect
{M8D4-I5IB75FT-3396PLIF},01-04-2010 12:02,MOH0273,PC-6699,Connect
{V7W4-D7JT14DS-0901PTQB},01-04-2010 12:03,HMM0108,PC-8052,Disconnect
{H0I2-E8TT55YD-8389UGSD},01-04-2010 12:03,AIB0948,PC-8245,Disconnect
{P0L2-R2LD54VE-1044VHGV},01-04-2010 12:04,RLG0856,PC-1998,Connect
{L2B7-T3BF04LJ-9312LFLU},01-04-2010 12:04,MPM0220,PC-2344,Connect
{V0P9-W3RF92DG-3011PTKY},01-04-2010 12:04,RSC0089,PC-9929,Disconnect
{N6T0-F8YM82CZ-7374VKKF},01-04-2010 12:05,KKW0879,PC-2531,Connect
{B9V6-G9TY00HP-0136LIOF},01-04-2010 12:05,BRB0355,PC-9896,Disconnect
{V2Z5-H1VJ00TA-6224HIQZ},01-04-2010 12:05,HRL0540,PC-1117,Connect
{G2Z2-W9CA98PO-2000ZIFN},01-04-2010 12:05,DBB0384,PC-4243,Connect
{N4L6-G9WA21LX-4416CWJB},01-04-2010 12:05,ZKS0899,PC-8517,Connect
{V9L3-M8XW30OC-9588VTKW},01-04-2010 12:05,VTT0385,PC-5027,Connect
{S1K4-Y1AC54SZ-1145INRL},01-04-2010 12:05,BSS0369,PC-3672,Connect
{E5O8-P7ZA85XO-3949YSCF},01-04-2010 12:06,CAB0614,PC-6638,Disconnect
{C6J0-V4PN99WH-2416MFKV},01-04-2010 12:06,SBN0866,PC-8714,Disconnect
{X8D6-B1SG07WS-6472ZSNC},01-04-2010 12:06,QRM0739,PC-7343,Connect
{M6J5-U9BA53RW-4683TRCD},01-04-2010 12:06,KMB0922,PC-1725,Disconnect
{X5I4-C9WU79PE-9728IXPT},01-04-2010 12:07,CLB0774,PC-7029,Connect
{I3J1-I6JP07AM-5675NZDF},01-04-2010 12:07,BJM0111,PC-6866,Disconnect
{J8M9-J3UD32XF-9563EUJH},01-04-2010 12:08,HSB0196,PC-8001,Disconnect
{B0L0-F9RQ21FE-4264SKAH},01-04-2010 12:08,BMG0917,PC-6688,Disconnect
{M5Y4-K5KU56HI-3542KGCP},01-04-2010 12:08,HSB0196,PC-8001,Connect
{H1P9-U4GS16AE-0486TPAS},01-04-2010 12:10,WXH0872,PC-9460,Disconnect
{E6Z6-O1BS86IL-2858RWKE},01-04-2010 12:10,BJM0111,PC-6866,Connect
{S7J5-G1DT74KH-7780LVCF},01-04-2010 12:10,IIW0249,PC-0843,Connect
{G6G1-B4KL94ZO-0684AEVP},01-04-2010 12:10,CAS0507,PC-8739,Connect
{B1S5-I3OC24GD-6573FBDO},01-04-2010 12:11,QRM0739,PC-7343,Disconnect
{B2Q4-D4FC13VV-6238QJID},01-04-2010 12:12,LDG0459,PC-5621,Disconnect
{X3Y4-L9DG30FP-9904LVNH},01-04-2010 12:12,ILJ0526,PC-7275,Connect
{W1D4-B8MG02DY-8903TTDR},01-04-2010 12:13,CAS0507,PC-8739,Disconnect
{Z7J8-U8EO50BM-8103LSIH},01-04-2010 12:13,BJM0111,PC-6866,Disconnect
{N2A1-C4QD24AK-5269SSOA},01-04-2010 12:14,HSB0196,PC-8001,Disconnect
{D7N2-J4DK54PX-5431QUNL},01-04-2010 12:14,QRM0739,PC-7343,Connect
{S9K4-M7HE78YK-3889OLYZ},01-04-2010 12:15,DBB0384,PC-4243,Disconnect
{P6A1-I3EA39LH-7497OBWD},01-04-2010 12:16,RSC0089,PC-9929,Connect
{F6P0-N5ZL94FL-5053YEVS},01-04-2010 12:16,BSS0369,PC-3672,Disconnect
{J4O0-B1PY43QK-3792SUIY},01-04-2010 12:17,THR0873,PC-4804,Connect
{I3Q6-N8QL38TH-2814PKWU},01-04-2010 12:17,ZKS0899,PC-8517,Disconnect
{I1E6-M0KP73NU-6407VDML},01-04-2010 12:19,PMC0328,PC-7219,Connect
{L6W3-N8XI60TD-5198ZTTL},01-04-2010 12:20,JNJ0556,PC-0576,Connect
{F8R5-O6RY13PQ-0639HEXH},01-04-2010 12:20,MOH0273,PC-6699,Disconnect
{X0L6-U9NA06YL-6690DBIW},01-04-2010 12:21,CLB0774,PC-7029,Disconnect
{Y7A1-J7YT74MA-9894WDFC},01-04-2010 12:21,BMG0917,PC-6688,Connect
{U4Q6-U6MS86QV-7416JXNS},01-04-2010 12:21,RHO0732,PC-6232,Connect
{S6I4-I7SS27EX-5446OJNP},01-04-2010 12:21,ZKS0899,PC-8517,Connect
{M0C8-Y2SS56XA-8347SZKO},01-04-2010 12:22,EDB0714,PC-6103,Connect
{D3R2-L5MZ07AC-1411PWMS},01-04-2010 12:22,AJN0607,PC-8303,Connect
{S5F8-D6OB73TU-5617VMXG},01-04-2010 12:22,VSA0230,PC-9547,Connect
{W1B4-L8KL94UP-1410BTIF},01-04-2010 12:23,CTA0020,PC-3118,Disconnect
{E1K9-T9BV16ZV-1802DYDK},01-04-2010 12:24,JNJ0556,PC-0576,Disconnect
{U2R5-T4WT82JA-7212SLGC},01-04-2010 12:24,BJM0111,PC-6866,Connect
{Z7V0-V8YE48RM-0401CARF},01-04-2010 12:26,JNJ0556,PC-0576,Connect
{X6W0-D8WB42IG-6303ZWAR},01-04-2010 12:27,MPM0220,PC-2344,Disconnect
{O5H7-H8HC76XY-4909YZAI},01-04-2010 12:27,ILJ0526,PC-7275,Disconnect
{U2D8-H6QJ38XS-2891PLWN},01-04-2010 12:29,HRL0540,PC-1117,Disconnect
{X9L9-S5ZZ04CD-4715HRZG},01-04-2010 12:29,LBH0942,PC-3640,Connect
{G6X2-N5TG11IM-8722LVTJ},01-04-2010 12:29,MPM0220,PC-2344,Connect
{F6A1-O6SW43JL-0503FKDR},01-04-2010 12:30,PNL0301,PC-5611,Disconnect
{U9W0-V1WR42OJ-4224LAID},01-04-2010 12:30,RSC0089,PC-9929,Disconnect
{W5P4-Y5MM43NT-7905ZEEW},01-04-2010 12:31,CLB0774,PC-7029,Connect
{E2S9-J2AZ88RI-9672FCNV},01-04-2010 12:31,VTT0385,PC-5027,Disconnect
{R3Q9-T3LU96TP-8210LMQO},01-04-2010 12:31,BJM0111,PC-6866,Disconnect
{V8J9-Q1CG68KB-5299MYJC},01-04-2010 12:33,WIF0691,PC-6390,Connect
{E8F2-J2RK78CU-5259DZXD},01-04-2010 12:33,BJM0111,PC-6866,Connect
{G1M5-L1AO87AI-3078KNAO},01-04-2010 12:33,BJM0111,PC-6866,Disconnect
{C9V0-I3TF07IY-1977ZOMA},01-04-2010 12:34,SAA0999,PC-4559,Disconnect
{O7P2-G6PH69TZ-3558PGBL},01-04-2010 12:35,ZKS0899,PC-8517,Disconnect
{P4U2-G7LL16LM-1190NKGE},01-04-2010 12:35,MGS0974,PC-0351,Connect
{H2I7-E2QD68GY-6531BXQV},01-04-2010 12:36,AJN0607,PC-8303,Disconnect
{F5X2-B2NS41LO-9615RTPH},01-04-2010 12:36,BMG0917,PC-6688,Disconnect
{X1H8-V5PN69JT-2744HBYC},01-04-2010 12:36,HRL0540,PC-1117,Connect
{D7Y3-T6NK14OH-4549EEUI},01-04-2010 12:36,MPM0220,PC-2344,Disconnect
{D8M5-I2LV48AY-5548EIHN},01-04-2010 12:36,PMC0328,PC-7219,Disconnect
{F4I0-V2FO02RX-0175YLVX},01-04-2010 12:36,KKW0879,PC-2531,Disconnect
{X3W3-A5GG25AG-6514DBEJ},01-04-2010 12:38,EAH0466,PC-3579,Connect
{I9B3-D8LK68ZJ-9121QMLF},01-04-2010 12:40,IIW0249,PC-0843,Disconnect
{G3X1-S7OC40CZ-4957WFMU},01-04-2010 12:40,LBH0942,PC-3640,Disconnect
{V9C2-P1JU64MR-8560ZLJM},01-04-2010 12:42,MPM0220,PC-2344,Connect
{V0E2-R7TK78ME-6320XHVY},01-04-2010 12:42,IIW0249,PC-0843,Connect
{A1U6-M5UO26WB-5181KOPC},01-04-2010 12:43,JNJ0556,PC-0576,Disconnect
{O8E1-A2XW59GH-8360LAJV},01-04-2010 12:43,IBB0359,PC-4195,Connect
{L3L6-I7TO38NW-3630ZZSQ},01-04-2010 12:44,MPM0220,PC-2344,Disconnect
{A7X8-V1HC96UT-1480CEKG},01-04-2010 12:44,OCS0865,PC-8309,Connect
{A6F9-N7IB37QE-3587YXIX},01-04-2010 12:44,HAH0760,PC-1038,Connect
{N4S9-M8PH78QB-1991YZYU},01-04-2010 12:44,AHM0410,PC-3686,Connect
{L6Y7-W2FY36KC-2669BPBJ},01-04-2010 12:45,EIS0041,PC-9255,Connect
{L9W6-V6OH70WB-1470MZXZ},01-04-2010 12:46,HVF0067,PC-9939,Connect
{B8M2-G8OW57MQ-8665VWSV},01-04-2010 12:46,DIB0285,PC-1268,Disconnect
{L3F5-K2OJ21OP-3772HRQK},01-04-2010 12:47,IBB0359,PC-4195,Disconnect
{S4P7-F7KE14ER-3691GWSC},01-04-2010 12:47,SAA0999,PC-4559,Connect
{V4V4-U4ME73LJ-0381BPBQ},01-04-2010 12:47,JDF0593,PC-6301,Connect
{W5R6-S6YS88GM-6104OVMT},01-04-2010 12:48,MLL0598,PC-0189,Connect
{V7Y7-G5EY13PH-4019NDDI},01-04-2010 12:48,ZKS0899,PC-8517,Connect
{M2I0-X9ZL72PY-8607TPQM},01-04-2010 12:48,JNJ0556,PC-0576,Connect
{Y3T4-A7KZ13UL-5260DWCB},01-04-2010 12:48,CLB0774,PC-7029,Disconnect
{X7E1-J4WL31LA-8316YJAE},01-04-2010 12:48,THR0873,PC-4804,Disconnect
{X5Z9-X9NY51HU-0853FSUN},01-04-2010 12:49,LRR0148,PC-4275,Connect
{Y7X5-C1KE19FG-5604IZYL},01-04-2010 12:49,VTT0385,PC-5027,Connect
{Q5D1-K8VR68VV-9575EZII},01-04-2010 12:49,EDB0714,PC-6103,Disconnect
{D5A1-Q2PL96PM-3083EGMZ},01-04-2010 12:50,HVF0067,PC-9939,Disconnect
{T0J7-P1CZ28NJ-7102AHXA},01-04-2010 12:50,WIF0691,PC-6390,Disconnect
{G2J1-E5KE11YE-3218XUTF},01-04-2010 12:50,JDF0593,PC-6301,Disconnect
{I2N4-F9HW42ZZ-7263URCZ},01-04-2010 12:51,SGM0021,PC-1528,Connect
{K5F2-S6DG30DB-8227VYSQ},01-04-2010 12:51,IJM0444,PC-8734,Connect
{J4S9-O2AY58RV-3664OKEN},01-04-2010 12:51,IJM0444,PC-8734,Disconnect
{S4Y7-O5FF75WL-0139GZZW},01-04-2010 12:52,PDH0716,PC-0379,Connect
{E4O4-T0RX74IZ-1305DGLW},01-04-2010 12:52,RHO0732,PC-6232,Disconnect
{L0J8-G1XB29NL-8442LNYT},01-04-2010 12:53,MPM0220,PC-2344,Connect
{G2Q1-Q5VU17ID-7872LFDT},01-04-2010 12:55,IJM0776,PC-0198,Connect
{J4K2-C1HO11EH-4083RDUY},01-04-2010 12:55,HPH0075,PC-2417,Connect
{N2G9-R2QT32CP-9926RRTX},01-04-2010 12:55,JJH0613,PC-9171,Connect
{H7K0-D7YY16PE-8673SMJW},01-04-2010 12:55,JNJ0556,PC-0576,Disconnect
{N1S2-Q6WL22TR-9757AYZP},01-04-2010 12:55,BRM0995,PC-0768,Connect
{U8L1-V4HR46KY-1156TXRB},01-04-2010 12:55,VTT0385,PC-5027,Disconnect
{I7I1-Y3BW30XD-6160ZRCY},01-04-2010 12:55,HAH0760,PC-1038,Disconnect
{O7X6-B7RO51IU-1877WDMZ},01-04-2010 12:55,MDM0625,PC-4984,Connect
{S2F6-E9WW92KB-0771WOHX},01-04-2010 12:56,CGB0637,PC-8508,Connect
{A9Q5-C6UW48EA-2637DVYW},01-04-2010 12:56,AHM0410,PC-3686,Disconnect
{S3K8-L6BB87EP-1191KJVU},01-04-2010 12:56,BSS0369,PC-3672,Connect
{B3W5-X2GI39PT-8320SRJY},01-04-2010 12:57,OCS0865,PC-8309,Disconnect
{B6F3-B4CL83CM-1573QKOF},01-04-2010 12:57,IBB0359,PC-4195,Connect
{N7M1-V1UP06CM-5082VYCG},01-04-2010 12:57,MGS0974,PC-0351,Disconnect
{O7G8-X8JM65AK-8729WSET},01-04-2010 12:57,MPM0220,PC-2344,Disconnect
{U2P0-G4GU64QL-2018FHYQ},01-04-2010 12:57,EAH0466,PC-3579,Disconnect
{R1T0-E0QJ12JP-4762DEBF},01-04-2010 12:58,MLL0598,PC-0189,Disconnect
{Y7J3-J7EM94TL-5511EILG},01-04-2010 12:58,OCS0865,PC-8309,Connect
{U9K5-K6DB74NY-4792UGBP},01-04-2010 12:58,VTT0385,PC-5027,Connect
{B0E1-P2NY74KS-2407VQPT},01-04-2010 12:59,JDF0593,PC-6301,Connect
{H4S6-S5RC87WQ-8489FXGB},01-04-2010 12:59,MPM0220,PC-2344,Connect
{S6O4-V2CI85VA-9013YZFX},01-04-2010 12:59,MPM0220,PC-2344,Disconnect
{J6P5-L1RJ60EB-0027BOZX},01-04-2010 13:00,IBB0359,PC-4195,Disconnect
{B5D4-X1PW50AS-3450HLNU},01-04-2010 13:01,MOS0047,PC-5820,Connect
{G9C7-I7WF83BJ-4349ROPI},01-04-2010 13:02,OCS0865,PC-8309,Disconnect
{F5S6-Z3CO88YU-2881HEHA},01-04-2010 13:04,HPH0075,PC-2417,Disconnect
{P5A1-T6LJ88WS-4622WCKI},01-04-2010 13:04,DPM0423,PC-2567,Connect
{I0D2-A1KJ93KU-8575PWQH},01-04-2010 13:04,PSF0133,PC-4925,Disconnect
{Q1I6-J5AI18SP-1596DZJX},01-04-2010 13:04,IIW0249,PC-0843,Disconnect
{U8K7-Z7LX12KI-9604QHGB},01-04-2010 13:06,PDH0716,PC-0379,Disconnect
{G0H6-G5SR54DX-4844YIHY},01-04-2010 13:06,IJM0776,PC-0198,Disconnect
{G4R1-Z1RQ32VK-0951YEHI},01-04-2010 13:07,BRM0995,PC-0768,Disconnect
{J4D6-S7DQ93CH-4071XPGE},01-04-2010 13:07,MPM0220,PC-2344,Connect
{L9J1-E0MC94KT-9307TBDI},01-04-2010 13:07,GTD0219,PC-6425,Connect
{V2A8-U2ID50XC-0475RLZE},01-04-2010 13:07,BSS0369,PC-3672,Disconnect
{J6C8-G8RR08JL-0779BUTC},01-04-2010 13:08,ZKS0899,PC-8517,Disconnect
{I6E1-Y2EP19OG-2082PSGQ},01-04-2010 13:08,MPM0220,PC-2344,Disconnect
{P6O9-V7DA62TY-3937VTTI},01-04-2010 13:09,GTD0219,PC-6425,Disconnect
{C5C9-W5OG97AW-9672SBCD},01-04-2010 13:09,RAR0725,PC-4159,Disconnect
{K8U1-Q3DG80AB-1675ACYA},01-04-2010 13:09,IBB0359,PC-4195,Connect
{Q5Y2-U3RA13PK-2623RLZB},01-04-2010 13:10,KRL0501,PC-7206,Connect
{Q9B3-Q9JK09GH-2944IWQQ},01-04-2010 13:10,RSC0089,PC-9929,Connect
{Z5M5-H0BM98AE-1143WJKV},01-04-2010 13:11,MDM0625,PC-4984,Disconnect
{V3C4-P4DK12QK-7390DCTX},01-04-2010 13:11,RSC0089,PC-9929,Disconnect
{K0W0-F7NG52OL-0484LISG},01-04-2010 13:11,THR0873,PC-4804,Connect
{B7D5-N6YR12RN-5069XKLP},01-04-2010 13:11,ABC0174,PC-5156,Connect
{M9W6-R8KS63LO-6915OUKK},01-04-2010 13:12,IIW0249,PC-0843,Connect
{A3L5-B9IC08AD-3848OZBY},01-04-2010 13:12,IIW0249,PC-0843,Disconnect
{H8V5-L2YH21TB-9896OSGC},01-04-2010 13:13,AJF0370,PC-8651,Connect
{M3S5-T7UF06VV-2049MHWD},01-04-2010 13:14,AIB0948,PC-8245,Connect
{Z6C1-S9GJ21SR-3172KJIO},01-04-2010 13:14,QRM0739,PC-7343,Disconnect
{D0I3-Q3NN90RN-0712WILX},01-04-2010 13:15,AIB0948,PC-8245,Disconnect
{T3Q7-S7UT15IO-7379VPLC},01-04-2010 13:15,XHW0498,PC-9840,Connect
{Y6U0-Q5AS54ZI-1164QUFJ},01-04-2010 13:15,DBB0384,PC-4243,Connect
{K5B5-I9NA82NC-3491ZVHS},01-04-2010 13:15,DRR0162,PC-5168,Connect
{X9D6-W1ED00NX-5787DUOE},01-04-2010 13:15,IBB0359,PC-4195,Disconnect
{I2B3-B0ZD25NK-5460YNQL},01-04-2010 13:16,LCC0819,PC-8192,Disconnect
{C7T1-S6LF47IY-2497GCOX},01-04-2010 13:16,BJP0134,PC-0898,Connect
{E8E7-M9NP27WE-3054ZFVR},01-04-2010 13:17,DIB0285,PC-1268,Connect
{F1R3-C0PQ05YN-4371MOHK},01-04-2010 13:17,MPM0220,PC-2344,Connect
{L9W9-U3NH91AI-7392QXFW},01-04-2010 13:17,CLB0774,PC-7029,Connect
{O1T0-C9JI22BX-4463KJLD},01-04-2010 13:18,LRR0148,PC-4275,Disconnect
{I9R6-A1MW62HY-3194GUSW},01-04-2010 13:18,HRL0540,PC-1117,Disconnect
{O8J1-T2WZ37SF-3323XJUE},01-04-2010 13:18,HPH0075,PC-2417,Connect
{X7K9-C4LB40HZ-2380CABP},01-04-2010 13:19,HSB0196,PC-8001,Connect
{F0Z8-P7SU19XZ-8588BFZN},01-04-2010 13:20,MDM0625,PC-4984,Connect
{L8O4-E3FF29FM-2080SLSF},01-04-2010 13:20,CTA0020,PC-3118,Connect
{G2A2-K4GD77MH-5522QYAR},01-04-2010 13:21,MPM0220,PC-2344,Disconnect
{W2G6-R9CN52FD-8795IPIM},01-04-2010 13:22,AJF0370,PC-8651,Disconnect
{L8R6-C8NJ31YM-6722TASV},01-04-2010 13:23,DBB0384,PC-4243,Disconnect
{E2Y0-P6UT99DU-3826SDVI},01-04-2010 13:23,SAA0999,PC-4559,Disconnect
{N2Z5-V7PQ39GA-6473IMAS},01-04-2010 13:24,CGB0637,PC-8508,Disconnect
{S7E9-X1LU98AF-0221UCKN},01-04-2010 13:24,CLB0774,PC-7029,Disconnect
{W1X8-Y6GG04WH-5390KNMT},01-04-2010 13:26,AJN0607,PC-8303,Connect
{Y2H2-S2SQ99UJ-6447OGQG},01-04-2010 13:26,BQS0525,PC-0269,Connect
{R4B6-J9OB91FZ-2697UBNI},01-04-2010 13:27,KWE0082,PC-1933,Connect
{Y7C6-L2UH54QH-1455YPLI},01-04-2010 13:27,KRL0501,PC-7206,Disconnect
{F0K9-E3PH08IJ-7327YNTD},01-04-2010 13:27,DPM0423,PC-2567,Disconnect
{T5C4-Q2KD48SW-4281AKYE},01-04-2010 13:28,RLG0856,PC-1998,Disconnect
{K5L8-Y0XS66LA-4585OCYD},01-04-2010 13:29,JJM0203,PC-0148,Connect
{Q8R5-C5YP27OQ-1598RTSD},01-04-2010 13:31,AJF0370,PC-8651,Connect
{D5N5-T6WD11NK-9881WHNJ},01-04-2010 13:33,KWE0082,PC-1933,Disconnect
{O7T9-A3WN36VH-2077AKNO},01-04-2010 13:33,THR0873,PC-4804,Disconnect
{T4R3-G5NY35VV-9289IPHW},01-04-2010 13:34,DIB0285,PC-1268,Disconnect
{M8V6-Y1EW59VI-6065QXWY},01-04-2010 13:34,BJP0134,PC-0898,Disconnect
{F0J1-D9EP85LT-8163WLOE},01-04-2010 13:34,ABC0174,PC-5156,Disconnect
{C0B2-C8LN67VR-6450LOMW},01-04-2010 13:35,MDM0625,PC-4984,Disconnect
{A5B6-D2EZ30VZ-6911JVHF},01-04-2010 13:35,JDF0593,PC-6301,Disconnect
{M5Y2-W4FB19GF-2022SMKP},01-04-2010 13:36,AVM0947,PC-0285,Connect
{K9F0-B9TQ94HX-6968BZTZ},01-04-2010 13:36,CTA0020,PC-3118,Disconnect
{X6J6-S0XM90JJ-2565VYNB},01-04-2010 13:36,OBH0499,PC-7989,Connect
{R5W7-E5YC84HR-4727FBLG},01-04-2010 13:37,JJH0613,PC-9171,Disconnect
{L1R9-G1GI55QL-7337UTMM},01-04-2010 13:37,BQS0525,PC-0269,Disconnect
{L9B4-O5BO67GL-7718PGEY},01-04-2010 13:38,XHW0498,PC-9840,Disconnect
{K6F6-V9UG19DW-3467BEEE},01-04-2010 13:38,LJT0817,PC-3120,Connect
{J5X6-Z4IA95EF-8636VADU},01-04-2010 13:38,IBB0696,PC-4289,Connect
{B2I2-M9FA23FI-0472QMRJ},01-04-2010 13:39,OBH0499,PC-7989,Disconnect
{F6Q9-S6QT92LG-8743EONM},01-04-2010 13:40,MOH0273,PC-6699,Connect
{C6T1-D4LH49ZZ-3360HTSI},01-04-2010 13:41,AVM0947,PC-0285,Disconnect
{L7I9-W7LY20WO-5125ZEDU},01-04-2010 13:41,MOH0273,PC-6699,Disconnect
{J4J5-D1RS38RH-4690AUCI},01-04-2010 13:43,AIB0948,PC-8245,Connect
{C5Z1-F7EP73BZ-7066SLGL},01-04-2010 13:43,MPM0220,PC-2344,Connect
{O5M1-G2RC89KO-6225DLDX},01-04-2010 13:44,MPM0220,PC-2344,Disconnect
{G9P6-R5PA56WO-3811MQKL},01-04-2010 13:45,HPH0075,PC-2417,Disconnect
{A6L9-H2GL50UI-5405ABDY},01-04-2010 13:46,LOM0086,PC-9087,Connect
{N3T3-U0PT37AX-6915DKPN},01-04-2010 13:46,RSC0089,PC-9929,Connect
{P7V5-T3DC10PE-7701JOKC},01-04-2010 13:47,ATP0662,PC-4127,Connect
{U4A8-G1JJ64BV-3117LDTQ},01-04-2010 13:47,ATP0662,PC-4127,Disconnect
{H4S1-T5HU42FX-4024XDJI},01-04-2010 13:48,CTA0020,PC-3118,Connect
{Q4Y4-J3WP12PI-1129CNDR},01-04-2010 13:48,AJF0370,PC-8651,Disconnect
{G0H8-T7TA62HL-1524UWQX},01-04-2010 13:48,HRL0540,PC-1117,Connect
{H1Q2-L7TS27SS-4587DTYC},01-04-2010 13:49,JFC0557,PC-9179,Connect
{S5Q3-V1KC90ZS-0845VZWK},01-04-2010 13:49,VTT0385,PC-5027,Disconnect
{W1G8-P5ZD98MI-9687XCOT},01-04-2010 13:49,DPM0423,PC-2567,Connect
{T5J9-N5DB67GF-8338IVDY},01-04-2010 13:49,RSC0089,PC-9929,Disconnect
{K2F3-R0EZ79GC-1684FLXN},01-04-2010 13:50,CAA0612,PC-1289,Connect
{K6O3-U2WQ46TF-1252BREO},01-04-2010 13:50,AJF0370,PC-8651,Connect
{N3P9-H4YM21IG-1782ZTHK},01-04-2010 13:51,MOS0047,PC-5820,Disconnect
{K6N7-I6SG73XO-3113JGXB},01-04-2010 13:51,AIB0948,PC-8245,Disconnect
{F8M4-J0VQ51HU-3470JMYQ},01-04-2010 13:52,ATE0869,PC-1313,Connect
{O0E4-S1IW65GK-0205FFYC},01-04-2010 13:52,JNJ0556,PC-0576,Connect
{O4Y9-M5UQ93YP-2763GOVI},01-04-2010 13:52,CTA0020,PC-3118,Disconnect
{S5Y8-L4EJ57PH-9467LXYO},01-04-2010 13:53,DRR0162,PC-5168,Disconnect
{H5P2-E8GA20QQ-1930NTYG},01-04-2010 13:53,HRL0540,PC-1117,Disconnect
{G3G3-M5KS30AG-0941EWFP},01-04-2010 13:54,BSS0369,PC-3672,Connect
{T0B2-I2HM89TL-9839QPYY},01-04-2010 13:54,BJM0111,PC-6866,Connect
{B8R5-S3ZB12FM-8543QJQN},01-04-2010 13:55,CAA0612,PC-1289,Disconnect
{V8O1-A0RL59KQ-3663PRUP},01-04-2010 13:55,AVM0947,PC-0285,Connect
{B3F5-T4ZZ27IZ-0737OZVG},01-04-2010 13:55,SAA0999,PC-4559,Connect
{Y6N9-O4OX61WR-1486ZDTT},01-04-2010 13:56,KWE0082,PC-1933,Connect
{E1I1-Q7EX30XW-2548BLXE},01-04-2010 13:56,SAA0999,PC-4559,Disconnect
{L7N4-J4VU06JG-0782RXBZ},01-04-2010 13:58,CLB0774,PC-7029,Connect
{C8Y1-N5IR49TN-0497ORQD},01-04-2010 13:58,JDF0593,PC-6301,Connect
{K9V1-A1YF52GP-7033NYJE},01-04-2010 13:59,HSB0196,PC-8001,Disconnect
{J4N2-O4WZ58XI-6820NHQN},01-04-2010 13:59,MOH0273,PC-6699,Connect
{S2J3-K8OE98BW-0237VQJA},01-04-2010 13:59,IRM0931,PC-7188,Connect
{S3X5-L1SD69JR-5386YAQW},01-04-2010 14:00,QRM0739,PC-7343,Connect
{E0H2-C2RB41YU-4612AOUH},01-04-2010 14:01,AJF0370,PC-8651,Disconnect
{X7Q6-T9VI84RY-6997BOUQ},01-04-2010 14:01,MLL0598,PC-0189,Connect
{L6J0-Z9KS70IU-5352NFMA},01-04-2010 14:01,WIF0691,PC-6390,Connect
{S6G4-E7JY21TX-6441SZLU},01-04-2010 14:01,WIF0691,PC-6390,Disconnect
{U8A1-Q0OZ40YI-1479DMIL},01-04-2010 14:01,JDF0593,PC-6301,Disconnect
{F3T2-I3AR00HP-4734JEKH},01-04-2010 14:01,BRM0995,PC-0768,Connect
{C3K0-W8JD34EF-7881WDNE},01-04-2010 14:01,GZC0735,PC-8219,Connect
{A7G8-R1GU27EZ-1810LAFG},01-04-2010 14:02,HSB0196,PC-8001,Connect
{H5P0-O0ZO36XQ-9962CTJC},01-04-2010 14:03,JJH0613,PC-9171,Connect
{U2R2-H9AI04RT-4944WLSH},01-04-2010 14:04,BSS0369,PC-3672,Disconnect
{Q7E7-I0MA33KI-5645GWEI},01-04-2010 14:04,MLL0598,PC-0189,Disconnect
{H3I2-L4QJ71XZ-1303NKVR},01-04-2010 14:04,QRM0739,PC-7343,Disconnect
{Z8U7-L8SI70KE-4959FFQN},01-04-2010 14:05,OBH0499,PC-7989,Connect
